date,channel,impressions,clicks,cost,purchases,revenue,ctr,roi,month
2024-01-01,Google Ads,8860,389,401.91,18,2122.21,0.04390519187358916,4.28031151252768,1
2024-01-01,Facebook Ads,6189,295,260.43,9,546.32,0.04766521247374374,1.0977613946165958,1
2024-01-01,Instagram Ads,6021,267,159.66,9,461.47,0.04434479322371699,1.8903294500814234,1
2024-01-01,TikTok Ads,9568,361,261.73,10,848.99,0.037729933110367896,2.2437626561723913,1
2024-01-01,Email,3028,156,29.04,8,423.18,0.05151915455746367,13.572314049586776,1
2024-01-01,Organic Search,8891,1011,0.0,45,3015.41,0.11371049375773254,inf,1
2024-01-02,Google Ads,9998,561,386.45,17,1431.93,0.05611122224444889,2.7053435114503817,1
2024-01-02,Facebook Ads,10931,448,251.05,9,857.48,0.04098435641752813,2.41557458673571,1
2024-01-02,Instagram Ads,7919,232,180.76,8,864.59,0.02929662836216694,3.7830825403850414,1
2024-01-02,TikTok Ads,11199,269,112.61,7,485.92,0.02402000178587374,3.315069709617263,1
2024-01-02,Email,2562,248,14.02,21,1395.66,0.09679937548790007,98.54778887303853,1
2024-01-02,Organic Search,5139,480,0.0,32,3078.36,0.09340338587273789,inf,1
2024-01-03,Google Ads,13596,1015,1036.5,33,2879.8,0.0746543100912033,1.7783888084901112,1
2024-01-03,Facebook Ads,7715,423,256.2,17,1021.17,0.05482825664290344,2.9858313817330213,1
2024-01-03,Instagram Ads,7838,282,213.85,8,378.75,0.03597856596070426,0.7711012391863457,1
2024-01-03,TikTok Ads,12869,516,383.56,13,1501.65,0.0400963555831844,2.9150328501407867,1
2024-01-03,Email,2851,306,25.15,25,2363.23,0.10733076113644335,92.96540755467197,1
2024-01-03,Organic Search,5516,471,0.0,32,1889.88,0.08538796229151559,inf,1
2024-01-04,Google Ads,13917,734,581.03,31,3198.25,0.05274125170654595,4.5044489957489295,1
2024-01-04,Facebook Ads,11161,517,423.55,12,1325.15,0.046322014156437594,2.1286743005548345,1
2024-01-04,Instagram Ads,9312,413,208.84,13,909.87,0.04435137457044674,3.356780310285386,1
2024-01-04,TikTok Ads,12029,337,113.81,9,1018.98,0.028015628896832654,7.953343291450664,1
2024-01-04,Email,2357,181,9.93,10,1152.43,0.07679253288078065,115.05538771399799,1
2024-01-04,Organic Search,4009,435,0.0,18,1965.2,0.10850586181092542,inf,1
2024-01-05,Google Ads,10000,634,476.05,19,1227.82,0.0634,1.5791828589433883,1
2024-01-05,Facebook Ads,7077,314,222.51,7,446.86,0.0443690829447506,1.0082692912678084,1
2024-01-05,Instagram Ads,7180,225,139.52,5,558.72,0.031337047353760444,3.004587155963303,1
2024-01-05,TikTok Ads,7671,206,99.32,5,568.35,0.026854386651023333,4.722412404349578,1
2024-01-05,Email,3890,401,61.38,27,1306.52,0.10308483290488432,20.28576083414793,1
2024-01-05,Organic Search,5976,528,0.0,40,3544.18,0.08835341365461848,inf,1
2024-01-06,Google Ads,11514,890,580.93,27,1091.45,0.07729720340455098,0.8787977897509168,1
2024-01-06,Facebook Ads,8928,420,274.6,15,1003.93,0.04704301075268817,2.6559723233794608,1
2024-01-06,Instagram Ads,6673,189,104.58,7,684.09,0.02832309306159149,5.541308089500861,1
2024-01-06,TikTok Ads,7872,260,127.0,5,417.42,0.033028455284552845,2.2867716535433074,1
2024-01-06,Email,3970,419,40.54,36,2425.2,0.10554156171284634,58.82239763196842,1
2024-01-06,Organic Search,6371,478,0.0,30,1243.46,0.0750274682153508,inf,1
2024-01-07,Google Ads,8827,361,239.18,12,1063.58,0.040897247082814094,3.4467764863282877,1
2024-01-07,Facebook Ads,7332,245,210.51,9,559.86,0.0334151663938898,1.659541114436369,1
2024-01-07,Instagram Ads,8120,220,133.09,6,457.58,0.027093596059113302,2.4381245773536704,1
2024-01-07,TikTok Ads,10293,449,169.76,8,386.63,0.04362187894685709,1.2775094250706882,1
2024-01-07,Email,3287,381,61.11,32,2879.39,0.11591116519622756,46.118147602683685,1
2024-01-07,Organic Search,7190,558,0.0,34,3083.06,0.0776077885952712,inf,1
2024-01-08,Google Ads,11430,868,780.21,28,2538.14,0.07594050743657042,2.253149793004447,1
2024-01-08,Facebook Ads,6454,294,153.67,8,788.85,0.0455531453362256,4.133402746144336,1
2024-01-08,Instagram Ads,5750,193,103.83,4,412.8,0.033565217391304344,2.975729557931234,1
2024-01-08,TikTok Ads,8341,311,240.1,8,766.35,0.03728569715861407,2.1917950853810915,1
2024-01-08,Email,2726,294,45.41,22,1441.0,0.1078503301540719,30.73309843646774,1
2024-01-08,Organic Search,7521,875,0.0,49,3611.72,0.11634091211275097,inf,1
2024-01-09,Google Ads,12484,642,549.98,34,3028.48,0.051425825056071774,4.506527510091276,1
2024-01-09,Facebook Ads,10867,451,229.18,15,1347.52,0.041501794423483944,4.879745178462343,1
2024-01-09,Instagram Ads,8160,283,188.06,5,584.85,0.03468137254901961,2.109911730298841,1
2024-01-09,TikTok Ads,11036,470,263.5,10,484.67,0.04258789416455237,0.8393548387096775,1
2024-01-09,Email,2825,288,26.8,23,2354.92,0.10194690265486726,86.87014925373134,1
2024-01-09,Organic Search,5247,369,0.0,24,1816.24,0.07032590051457976,inf,1
2024-01-10,Google Ads,8762,358,273.58,19,1175.35,0.04085825154074412,3.2961839315739456,1
2024-01-10,Facebook Ads,9453,396,200.59,13,1321.76,0.041891463027610286,5.589361383917444,1
2024-01-10,Instagram Ads,9444,279,217.4,8,617.34,0.0295425667090216,1.8396504139834409,1
2024-01-10,TikTok Ads,8389,331,122.88,5,235.15,0.03945643104064847,0.9136555989583335,1
2024-01-10,Email,4241,243,31.88,16,742.55,0.05729780712096204,22.29203262233375,1
2024-01-10,Organic Search,4409,421,0.0,17,1568.44,0.0954865048763892,inf,1
2024-01-11,Google Ads,12644,849,879.82,50,3946.68,0.06714647263524201,3.4857811825146046,1
2024-01-11,Facebook Ads,8382,400,186.31,19,2083.54,0.047721307563827246,10.183189308142344,1
2024-01-11,Instagram Ads,9599,333,188.29,7,521.3,0.034691113657672676,1.76860162515269,1
2024-01-11,TikTok Ads,7575,241,85.79,3,344.13,0.03181518151815182,3.0113066791001275,1
2024-01-11,Email,3035,220,28.56,19,1046.29,0.07248764415156507,35.63480392156863,1
2024-01-11,Organic Search,5198,504,0.0,22,2037.81,0.09696036937283571,inf,1
2024-01-12,Google Ads,13105,918,1060.66,51,4528.11,0.07004959938954597,3.269143740689759,1
2024-01-12,Facebook Ads,6916,284,179.42,5,413.44,0.0410641989589358,1.3043139003455582,1
2024-01-12,Instagram Ads,5943,270,186.31,8,660.65,0.04543160020191822,2.5459717674843003,1
2024-01-12,TikTok Ads,11097,272,212.56,7,738.75,0.02451112913400018,2.475489273616861,1
2024-01-12,Email,2520,224,38.4,13,1011.81,0.08888888888888889,25.34921875,1
2024-01-12,Organic Search,4987,341,0.0,18,2023.96,0.0683777822338079,inf,1
2024-01-13,Google Ads,14764,942,1035.37,45,3162.52,0.06380384719588188,2.054482938466442,1
2024-01-13,Facebook Ads,7232,338,151.54,14,1671.58,0.04673672566371682,10.030618978487528,1
2024-01-13,Instagram Ads,5363,239,133.56,5,576.95,0.04456460936043259,3.3197813716681646,1
2024-01-13,TikTok Ads,7405,221,81.91,3,257.53,0.029844699527346388,2.1440605542668782,1
2024-01-13,Email,4300,310,39.03,24,2642.12,0.07209302325581396,66.69459390212656,1
2024-01-13,Organic Search,5884,420,0.0,19,1811.26,0.07138001359619306,inf,1
2024-01-14,Google Ads,8608,556,629.37,30,1246.06,0.0645910780669145,0.9798528687417575,1
2024-01-14,Facebook Ads,11542,684,429.0,20,1535.11,0.059261826373245535,2.578344988344988,1
2024-01-14,Instagram Ads,7672,346,315.75,13,1547.81,0.04509906152241919,3.902011084718923,1
2024-01-14,TikTok Ads,11940,524,330.48,15,698.61,0.04388609715242881,1.1139251997095134,1
2024-01-14,Email,2359,245,23.01,22,1105.45,0.10385756676557864,47.042155584528466,1
2024-01-14,Organic Search,8583,577,0.0,33,3542.88,0.06722591168589072,inf,1
2024-01-15,Google Ads,14381,888,919.6,46,4375.1,0.0617481399068215,3.757612005219661,1
2024-01-15,Facebook Ads,7304,396,288.6,16,1715.15,0.05421686746987952,4.943000693000693,1
2024-01-15,Instagram Ads,6037,283,225.42,9,783.51,0.046877588206062616,2.475778546712803,1
2024-01-15,TikTok Ads,10586,371,249.67,8,470.95,0.0350462875495938,0.8862899026715264,1
2024-01-15,Email,2475,234,37.67,13,1129.24,0.09454545454545454,28.97717016193257,1
2024-01-15,Organic Search,7986,863,0.0,55,2795.56,0.1080641121963436,inf,1
2024-01-16,Google Ads,9619,493,520.43,15,1016.81,0.051252728973905815,0.9537882135926062,1
2024-01-16,Facebook Ads,7422,310,146.47,15,1101.59,0.04176771759633522,6.520925786850549,1
2024-01-16,Instagram Ads,8062,347,257.59,10,449.82,0.043041428925824854,0.7462634419038008,1
2024-01-16,TikTok Ads,8727,293,111.58,7,472.45,0.033573965853099574,3.2341817530023302,1
2024-01-16,Email,2773,178,30.2,15,980.11,0.06419040750090155,31.453973509933775,1
2024-01-16,Organic Search,5898,585,0.0,39,3540.17,0.09918616480162767,inf,1
2024-01-17,Google Ads,9283,431,279.13,19,1303.85,0.04642895615641495,3.67112098305449,1
2024-01-17,Facebook Ads,11077,568,355.1,25,2352.36,0.05127742168457163,5.624500140805408,1
2024-01-17,Instagram Ads,5935,182,118.78,7,652.39,0.030665543386689132,4.492422966829433,1
2024-01-17,TikTok Ads,11741,301,93.01,8,767.56,0.025636657865599183,7.2524459735512306,1
2024-01-17,Email,4810,422,58.98,40,3736.97,0.08773388773388774,62.3599525262801,1
2024-01-17,Organic Search,6524,615,0.0,25,2388.9,0.09426732066217045,inf,1
2024-01-18,Google Ads,9447,715,530.86,35,1598.61,0.0756854027733672,2.011358927024074,1
2024-01-18,Facebook Ads,9793,363,226.42,7,525.58,0.0370672929643623,1.3212613726702593,1
2024-01-18,Instagram Ads,7429,249,140.87,9,953.13,0.03351729707901467,5.76602541350181,1
2024-01-18,TikTok Ads,11615,407,146.73,8,754.35,0.03504089539388722,4.141075444694337,1
2024-01-18,Email,3289,331,17.13,17,1439.75,0.10063849194283978,83.04845300642148,1
2024-01-18,Organic Search,5130,445,0.0,30,2098.93,0.08674463937621832,inf,1
2024-01-19,Google Ads,14583,1027,853.98,47,5534.81,0.07042446684495646,5.481193938968126,1
2024-01-19,Facebook Ads,9415,293,184.37,8,504.58,0.03112055231014339,1.7367793024895588,1
2024-01-19,Instagram Ads,6936,265,226.44,9,1079.79,0.03820645905420992,3.76854795972443,1
2024-01-19,TikTok Ads,12091,429,177.55,13,649.81,0.03548093623356215,2.659870459025626,1
2024-01-19,Email,3017,275,34.84,19,1922.08,0.09115014915478953,54.16877152698048,1
2024-01-19,Organic Search,5863,662,0.0,34,2335.71,0.1129114787651373,inf,1
2024-01-20,Google Ads,14337,1028,644.04,59,4243.75,0.07170258771012067,5.589264641947706,1
2024-01-20,Facebook Ads,11037,367,201.77,7,437.36,0.03325178943553502,1.167616593150617,1
2024-01-20,Instagram Ads,5973,275,241.95,10,770.54,0.04604051565377532,2.1847075842116137,1
2024-01-20,TikTok Ads,8228,294,95.09,4,261.21,0.03573164803111327,1.7469765485329685,1
2024-01-20,Email,2427,136,6.89,11,1058.24,0.05603625875566543,152.59071117561683,1
2024-01-20,Organic Search,5316,464,0.0,27,2981.14,0.0872836719337848,inf,1
2024-01-21,Google Ads,10016,518,433.61,21,864.68,0.05171725239616613,0.9941422015174926,1
2024-01-21,Facebook Ads,9173,410,361.52,17,1727.42,0.04469639158399651,3.778214206682895,1
2024-01-21,Instagram Ads,8462,258,242.42,6,580.87,0.030489246041125028,1.3961306822869404,1
2024-01-21,TikTok Ads,8102,269,178.3,5,562.57,0.033201678597877066,2.155187885586091,1
2024-01-21,Email,4611,250,48.42,13,1359.24,0.054218173931901974,27.07187112763321,1
2024-01-21,Organic Search,5116,468,0.0,35,1893.07,0.09147771696637999,inf,1
2024-01-22,Google Ads,8869,635,669.54,31,1270.02,0.07159769985342203,0.8968545568599338,1
2024-01-22,Facebook Ads,9619,533,389.74,26,2608.87,0.05541116540180892,5.693872838302458,1
2024-01-22,Instagram Ads,8674,341,175.19,7,682.73,0.03931288909384367,2.897083166847423,1
2024-01-22,TikTok Ads,9635,420,168.98,8,922.1,0.043591074208614425,4.456858799857971,1
2024-01-22,Email,3982,211,29.24,12,899.98,0.052988448016072325,29.77906976744186,1
2024-01-22,Organic Search,8059,778,0.0,48,2494.47,0.0965380320138975,inf,1
2024-01-23,Google Ads,8271,337,275.34,18,979.48,0.04074477088622899,2.557347279726884,1
2024-01-23,Facebook Ads,7914,319,152.69,11,1237.78,0.04030831437958049,7.106490274412208,1
2024-01-23,Instagram Ads,5042,181,95.18,6,655.34,0.035898452994843316,5.885270014708973,1
2024-01-23,TikTok Ads,10222,364,118.63,9,651.26,0.03560946977108198,4.489842367023519,1
2024-01-23,Email,2049,157,26.34,15,1140.14,0.07662274280136652,42.285497342444955,1
2024-01-23,Organic Search,5341,344,0.0,14,1042.02,0.06440741434188355,inf,1
2024-01-24,Google Ads,10195,694,635.32,30,2700.49,0.06807258460029426,3.2505981237801413,1
2024-01-24,Facebook Ads,10120,380,279.77,8,598.02,0.037549407114624504,1.137541551989134,1
2024-01-24,Instagram Ads,5859,176,119.33,5,348.88,0.03003925584570746,1.923657085393447,1
2024-01-24,TikTok Ads,8573,256,131.52,8,823.92,0.02986119211477896,5.264598540145985,1
2024-01-24,Email,4170,227,28.46,20,1848.28,0.054436450839328535,63.94307800421644,1
2024-01-24,Organic Search,6761,732,0.0,52,5351.25,0.10826800769116994,inf,1
2024-01-25,Google Ads,12717,968,1094.45,37,2751.64,0.07611858142643706,1.5141760701722324,1
2024-01-25,Facebook Ads,9687,376,173.24,11,1099.46,0.03881490657582327,5.34645578388363,1
2024-01-25,Instagram Ads,5136,150,83.65,5,281.73,0.029205607476635514,2.367961745367603,1
2024-01-25,TikTok Ads,7192,244,138.55,5,273.38,0.0339265850945495,0.9731504871887403,1
2024-01-25,Email,2138,138,18.19,8,347.42,0.06454630495790459,18.099505222649807,1
2024-01-25,Organic Search,8135,834,0.0,52,5332.95,0.102519975414874,inf,1
2024-01-26,Google Ads,9853,686,723.89,33,2148.5,0.06962346493453771,1.9679923745320425,1
2024-01-26,Facebook Ads,8433,300,239.44,11,632.47,0.03557452863749555,1.6414550618108923,1
2024-01-26,Instagram Ads,8046,359,226.89,13,1054.77,0.04461844394730301,3.6488166071664687,1
2024-01-26,TikTok Ads,11325,460,245.14,15,616.44,0.04061810154525387,1.5146446928285882,1
2024-01-26,Email,4509,420,83.41,25,2856.36,0.09314703925482369,33.244814770411224,1
2024-01-26,Organic Search,8996,859,0.0,56,3473.29,0.0954868830591374,inf,1
2024-01-27,Google Ads,9874,623,437.88,30,1388.54,0.06309499696171764,2.1710514296154195,1
2024-01-27,Facebook Ads,8923,512,454.7,12,1074.23,0.05737980499831895,1.3625027490653179,1
2024-01-27,Instagram Ads,5884,159,100.85,5,519.32,0.027022433718558805,4.149429846306396,1
2024-01-27,TikTok Ads,12212,336,266.57,9,922.0,0.027513920733704553,2.4587537982518666,1
2024-01-27,Email,3469,241,36.06,21,866.58,0.06947247045258,23.03161397670549,1
2024-01-27,Organic Search,4226,482,0.0,24,1212.77,0.11405584477046853,inf,1
2024-01-28,Google Ads,14263,674,462.23,31,1781.15,0.04725513566570848,2.8533846786231964,1
2024-01-28,Facebook Ads,11715,562,280.86,21,2137.83,0.0479726845924029,6.611728263191624,1
2024-01-28,Instagram Ads,5886,284,148.45,10,1082.39,0.048250084947332655,6.291276524082184,1
2024-01-28,TikTok Ads,8067,183,90.78,5,354.93,0.022685013015991073,2.9097818902842034,1
2024-01-28,Email,2498,182,14.35,12,806.18,0.07285828662930344,55.179790940766544,1
2024-01-28,Organic Search,6747,510,0.0,23,2701.26,0.0755891507336594,inf,1
2024-01-29,Google Ads,8536,650,757.2,33,1602.63,0.07614807872539832,1.1165213946117274,1
2024-01-29,Facebook Ads,9672,324,226.17,15,1585.18,0.033498759305210915,6.008798691249945,1
2024-01-29,Instagram Ads,6686,168,93.97,5,241.31,0.025127131319174396,1.5679472171969777,1
2024-01-29,TikTok Ads,12055,371,153.32,11,748.72,0.03077561177934467,3.8833811635794424,1
2024-01-29,Email,4649,291,23.47,23,1493.72,0.06259410625941063,62.64380059650618,1
2024-01-29,Organic Search,5411,523,0.0,26,1260.22,0.09665496211421179,inf,1
2024-01-30,Google Ads,12895,551,469.18,24,2719.53,0.042729740209383485,4.796346817852424,1
2024-01-30,Facebook Ads,11244,351,141.81,12,1345.52,0.03121664887940235,8.48818842112686,1
2024-01-30,Instagram Ads,8962,440,428.29,9,446.68,0.049096183887525104,0.04293819608209387,1
2024-01-30,TikTok Ads,8106,319,205.82,6,638.47,0.03935356526030101,2.102079486930328,1
2024-01-30,Email,4941,543,83.98,41,4104.77,0.10989678202792957,47.87794713026911,1
2024-01-30,Organic Search,6059,395,0.0,27,2126.28,0.06519227595312758,inf,1
2024-01-31,Google Ads,12013,918,645.15,34,1662.29,0.07641721468409224,1.5765945904053322,1
2024-01-31,Facebook Ads,9406,294,122.01,8,811.52,0.03125664469487561,5.651258093598885,1
2024-01-31,Instagram Ads,6161,253,202.8,6,529.19,0.04106476221392631,1.6094181459566077,1
2024-01-31,TikTok Ads,10367,405,215.47,8,398.08,0.03906626796566027,0.8474961711607184,1
2024-01-31,Email,3497,194,14.78,18,1532.04,0.05547612239062053,102.65629228687416,1
2024-01-31,Organic Search,5751,446,0.0,21,1951.88,0.07755173013388976,inf,1
2024-02-01,Google Ads,11175,591,649.46,30,1810.76,0.05288590604026846,1.788100883811166,2
2024-02-01,Facebook Ads,10054,468,278.44,23,1773.42,0.046548637358265366,5.36912799885074,2
2024-02-01,Instagram Ads,5128,217,136.36,7,555.55,0.042316692667706705,3.074141977119389,2
2024-02-01,TikTok Ads,11039,382,218.57,9,581.6,0.03460458374852795,1.6609324243949308,2
2024-02-01,Email,4099,405,76.39,32,3010.83,0.09880458648450842,38.413928524676,2
2024-02-01,Organic Search,6476,520,0.0,28,2597.71,0.08029647930821494,inf,2
2024-02-02,Google Ads,14719,970,815.65,50,4307.93,0.06590121611522522,4.281591368846932,2
2024-02-02,Facebook Ads,6919,325,200.33,12,1275.51,0.04697210579563521,5.367044376778316,2
2024-02-02,Instagram Ads,9350,309,308.33,9,523.22,0.03304812834224599,0.6969480751143258,2
2024-02-02,TikTok Ads,7270,228,91.13,7,288.16,0.031361760660247595,2.1620761549434877,2
2024-02-02,Email,3435,186,11.53,12,861.88,0.05414847161572053,73.7510841283608,2
2024-02-02,Organic Search,8086,737,0.0,39,3398.35,0.09114518921592876,inf,2
2024-02-03,Google Ads,13831,993,1030.01,49,4519.65,0.07179524257103607,3.3879671071154642,2
2024-02-03,Facebook Ads,8528,409,200.21,19,2268.62,0.04795966228893058,10.331202237650466,2
2024-02-03,Instagram Ads,9469,381,261.39,14,1252.84,0.040236561410919844,3.792991315658594,2
2024-02-03,TikTok Ads,11539,355,230.88,9,521.71,0.030765230955888727,1.2596586971586974,2
2024-02-03,Email,2681,211,39.41,14,831.69,0.07870197687430064,20.103527023598076,2
2024-02-03,Organic Search,8866,748,0.0,52,5878.25,0.08436724565756824,inf,2
2024-02-04,Google Ads,9664,535,377.92,16,1015.72,0.055360099337748346,1.6876587637595257,2
2024-02-04,Facebook Ads,6271,312,262.04,8,473.0,0.049752830489555096,0.805067928560525,2
2024-02-04,Instagram Ads,5198,213,209.34,6,445.18,0.0409772989611389,1.1265883252125728,2
2024-02-04,TikTok Ads,12074,486,305.63,9,791.98,0.04025178068577108,1.5913032097634396,2
2024-02-04,Email,4220,239,20.68,17,1608.41,0.056635071090047395,76.77611218568666,2
2024-02-04,Organic Search,5644,395,0.0,23,2031.94,0.06998582565556342,inf,2
2024-02-05,Google Ads,11810,913,714.46,29,3163.28,0.077307366638442,3.427511687148336,2
2024-02-05,Facebook Ads,11607,537,333.12,26,1903.5,0.04626518480227449,4.714157060518732,2
2024-02-05,Instagram Ads,6045,192,177.18,5,405.19,0.03176178660049628,1.28688339541709,2
2024-02-05,TikTok Ads,8445,317,132.27,9,418.44,0.03753700414446418,2.163529144930823,2
2024-02-05,Email,2294,239,20.86,20,811.17,0.1041848299912816,37.88638542665388,2
2024-02-05,Organic Search,8005,685,0.0,46,5497.13,0.08557151780137415,inf,2
2024-02-06,Google Ads,9317,713,446.08,37,3955.81,0.07652677900611785,7.867938486370158,2
2024-02-06,Facebook Ads,9960,561,278.89,22,1207.29,0.056325301204819274,3.328911040195059,2
2024-02-06,Instagram Ads,9486,279,276.39,6,665.99,0.029411764705882353,1.4096023734577954,2
2024-02-06,TikTok Ads,8926,211,88.35,4,310.09,0.02363880797669729,2.509790605546123,2
2024-02-06,Email,4161,300,21.62,22,1421.52,0.07209805335255948,64.75023126734506,2
2024-02-06,Organic Search,7001,502,0.0,21,1271.87,0.07170404227967433,inf,2
2024-02-07,Google Ads,8996,608,566.74,32,2674.16,0.0675855935971543,3.7184952535554223,2
2024-02-07,Facebook Ads,7212,378,189.77,18,2013.06,0.0524126455906822,9.607893766137956,2
2024-02-07,Instagram Ads,6751,168,130.26,5,459.39,0.02488520219226781,2.5267157991708893,2
2024-02-07,TikTok Ads,7277,231,167.19,5,284.7,0.03174385048783839,0.7028530414498474,2
2024-02-07,Email,2421,278,26.53,19,2234.12,0.11482858323007022,83.21108179419524,2
2024-02-07,Organic Search,4329,386,0.0,19,1608.42,0.08916608916608916,inf,2
2024-02-08,Google Ads,9329,480,299.79,24,2463.36,0.051452460070747136,7.216951866306415,2
2024-02-08,Facebook Ads,10920,493,210.2,22,1896.6,0.045146520146520146,8.022835394862035,2
2024-02-08,Instagram Ads,7669,269,204.06,6,294.38,0.035076281131829444,0.44261491718122115,2
2024-02-08,TikTok Ads,10481,356,214.17,6,435.08,0.03396622459688961,1.031470327310081,2
2024-02-08,Email,3192,226,12.67,13,731.68,0.07080200501253132,56.7490134175217,2
2024-02-08,Organic Search,8969,827,0.0,42,2796.1,0.09220648901772772,inf,2
2024-02-09,Google Ads,11639,480,562.91,17,1568.88,0.04124065641378125,1.78708852214386,2
2024-02-09,Facebook Ads,10200,375,225.0,14,1125.19,0.03676470588235294,4.000844444444445,2
2024-02-09,Instagram Ads,9567,473,425.18,18,1412.01,0.04944078603532978,2.3209699421421512,2
2024-02-09,TikTok Ads,12588,271,169.49,9,414.22,0.021528439783921195,1.4439199952799575,2
2024-02-09,Email,2041,202,12.5,19,1201.19,0.09897109260166585,95.0952,2
2024-02-09,Organic Search,7337,465,0.0,29,3063.77,0.06337740220798692,inf,2
2024-02-10,Google Ads,12840,775,904.29,42,1727.7,0.060358255451713395,0.910559665594002,2
2024-02-10,Facebook Ads,6257,350,162.61,8,865.18,0.05593735016781205,4.320582989976016,2
2024-02-10,Instagram Ads,5208,173,151.43,5,461.74,0.03321812596006144,2.049197649078782,2
2024-02-10,TikTok Ads,8607,270,114.43,5,309.39,0.03136981526664343,1.7037490168662062,2
2024-02-10,Email,2067,206,30.11,14,568.7,0.09966134494436381,17.887412819661243,2
2024-02-10,Organic Search,6603,664,0.0,45,1826.61,0.1005603513554445,inf,2
2024-02-11,Google Ads,12812,726,623.88,25,1352.05,0.05666562597564783,1.1671635570943129,2
2024-02-11,Facebook Ads,8521,464,317.6,17,916.85,0.054453702617063726,1.886807304785894,2
2024-02-11,Instagram Ads,7209,202,146.96,7,559.75,0.02802052989318907,2.8088595536200325,2
2024-02-11,TikTok Ads,12745,413,145.21,8,402.62,0.032404864652805024,1.77267405826045,2
2024-02-11,Email,4540,349,66.26,31,2862.47,0.07687224669603525,42.200573498339864,2
2024-02-11,Organic Search,5125,346,0.0,19,1472.92,0.06751219512195122,inf,2
2024-02-12,Google Ads,12284,969,997.29,30,1384.73,0.07888309996743732,0.3884928155300866,2
2024-02-12,Facebook Ads,8202,452,386.71,14,1212.33,0.055108510119483055,2.134984872384991,2
2024-02-12,Instagram Ads,5548,153,150.44,5,477.55,0.027577505407354,2.1743552246742888,2
2024-02-12,TikTok Ads,8152,280,188.65,9,479.88,0.03434739941118744,1.5437582825337928,2
2024-02-12,Email,4496,270,44.07,17,1162.19,0.06005338078291815,25.37145450419787,2
2024-02-12,Organic Search,6096,719,0.0,51,2616.84,0.11794619422572178,inf,2
2024-02-13,Google Ads,11605,892,900.57,50,4697.17,0.07686342093925032,4.215774453956938,2
2024-02-13,Facebook Ads,10025,368,161.61,17,1049.15,0.03670822942643392,5.491863127281728,2
2024-02-13,Instagram Ads,9727,266,139.14,9,530.49,0.027346561118536034,2.8126347563605005,2
2024-02-13,TikTok Ads,12700,285,225.35,8,356.24,0.022440944881889763,0.5808298202795652,2
2024-02-13,Email,4399,331,18.26,31,3013.08,0.0752443737213003,164.0098576122672,2
2024-02-13,Organic Search,4615,324,0.0,21,1571.29,0.07020585048754063,inf,2
2024-02-14,Google Ads,9919,786,744.29,24,1807.69,0.07924185905837282,1.4287441722984322,2
2024-02-14,Facebook Ads,8469,254,133.39,9,690.27,0.02999173456134136,4.174825699077893,2
2024-02-14,Instagram Ads,8766,423,287.38,16,1885.24,0.048254620123203286,5.560094648200989,2
2024-02-14,TikTok Ads,12643,375,189.59,8,755.36,0.029660681800205646,2.9841763806107915,2
2024-02-14,Email,3357,254,42.11,24,2479.32,0.07566279416145368,57.877226312039895,2
2024-02-14,Organic Search,4392,335,0.0,26,2918.64,0.07627504553734062,inf,2
2024-02-15,Google Ads,13139,927,674.69,44,2487.0,0.07055331455970774,2.6861373371474304,2
2024-02-15,Facebook Ads,7781,294,129.22,14,918.46,0.03778434648502763,6.10772326265284,2
2024-02-15,Instagram Ads,9241,335,199.6,10,670.89,0.03625148793420625,2.3611723446893786,2
2024-02-15,TikTok Ads,7928,254,97.65,6,454.71,0.03203834510595358,3.65652841781874,2
2024-02-15,Email,4856,323,44.42,29,1598.45,0.0665156507413509,34.9849167041873,2
2024-02-15,Organic Search,7180,824,0.0,52,5106.55,0.11476323119777158,inf,2
2024-02-16,Google Ads,14546,698,711.7,41,2963.89,0.04798570053622989,3.164521568076436,2
2024-02-16,Facebook Ads,9554,494,362.02,23,2115.16,0.05170609168934478,4.842660626484724,2
2024-02-16,Instagram Ads,7800,196,146.91,5,240.38,0.025128205128205128,0.6362398747532503,2
2024-02-16,TikTok Ads,7974,201,69.39,3,216.23,0.025206922498118886,2.1161550655714074,2
2024-02-16,Email,4375,343,20.77,25,2944.16,0.0784,140.75060182956187,2
2024-02-16,Organic Search,4918,474,0.0,30,2792.38,0.09638064253761691,inf,2
2024-02-17,Google Ads,12078,575,655.33,31,2582.19,0.047607219738367276,2.94028962507439,2
2024-02-17,Facebook Ads,9986,429,240.18,17,1737.96,0.042960144201882634,6.236072945291031,2
2024-02-17,Instagram Ads,7869,355,343.18,11,511.7,0.045113737450756135,0.4910542572410979,2
2024-02-17,TikTok Ads,7232,214,145.78,5,547.28,0.02959070796460177,2.7541500891754698,2
2024-02-17,Email,3116,356,21.27,28,1487.97,0.11424903722721438,68.95627644569817,2
2024-02-17,Organic Search,5736,544,0.0,27,2879.69,0.09483960948396095,inf,2
2024-02-18,Google Ads,8597,684,691.2,38,2590.78,0.07956263812958009,2.7482349537037036,2
2024-02-18,Facebook Ads,10598,551,382.05,19,874.81,0.05199094168711078,1.2897788247611568,2
2024-02-18,Instagram Ads,5132,162,159.47,6,331.8,0.03156664068589244,1.0806421270458395,2
2024-02-18,TikTok Ads,8441,340,213.85,11,904.8,0.04027958772657268,3.2310030395136775,2
2024-02-18,Email,4228,324,26.78,19,1065.79,0.07663197729422895,38.797983569828226,2
2024-02-18,Organic Search,7400,747,0.0,36,2049.98,0.10094594594594594,inf,2
2024-02-19,Google Ads,8705,602,402.92,27,1806.61,0.0691556576680069,3.483793308845428,2
2024-02-19,Facebook Ads,8502,444,183.35,20,1103.89,0.05222300635144672,5.020670848104718,2
2024-02-19,Instagram Ads,5716,143,90.85,4,310.62,0.025017494751574526,2.419042377545405,2
2024-02-19,TikTok Ads,11472,490,378.39,15,834.43,0.04271269177126918,1.205211554216549,2
2024-02-19,Email,2804,223,36.81,19,2003.04,0.07952924393723253,53.41564792176039,2
2024-02-19,Organic Search,8279,872,0.0,65,4267.22,0.10532673028143495,inf,2
2024-02-20,Google Ads,8599,390,443.08,13,1413.09,0.04535411094313292,2.189243477475851,2
2024-02-20,Facebook Ads,8711,457,338.57,13,1154.45,0.05246240385719206,2.4097823197566237,2
2024-02-20,Instagram Ads,5669,206,113.15,5,316.48,0.03633797847944964,1.796995139195758,2
2024-02-20,TikTok Ads,9037,201,94.93,3,147.18,0.022241894433993582,0.5504055619930475,2
2024-02-20,Email,4440,383,71.73,20,1670.45,0.08626126126126125,22.288024536456152,2
2024-02-20,Organic Search,5543,475,0.0,35,4028.41,0.08569366768897708,inf,2
2024-02-21,Google Ads,14523,774,927.96,37,3919.83,0.053294773807064655,3.2241368162420794,2
2024-02-21,Facebook Ads,8756,277,239.9,9,639.09,0.03163544997715852,1.663984993747395,2
2024-02-21,Instagram Ads,8185,391,276.88,15,992.41,0.04777031154551008,2.5842603293845707,2
2024-02-21,TikTok Ads,8098,177,137.88,5,276.44,0.021857248703383552,1.0049318247751668,2
2024-02-21,Email,4024,259,49.08,12,884.9,0.06436381709741551,17.029747351263243,2
2024-02-21,Organic Search,4222,348,0.0,25,2732.05,0.08242539081004263,inf,2
2024-02-22,Google Ads,10260,567,394.27,23,1053.2,0.05526315789473684,1.6712658837852237,2
2024-02-22,Facebook Ads,8960,274,158.9,9,451.05,0.030580357142857142,1.8385777218376336,2
2024-02-22,Instagram Ads,8808,347,234.85,9,389.0,0.03939600363306085,0.6563764104747711,2
2024-02-22,TikTok Ads,10388,358,140.83,9,509.93,0.03446284174046977,2.6208904352765745,2
2024-02-22,Email,4969,273,42.33,13,1361.14,0.05494063191789093,31.155445310654386,2
2024-02-22,Organic Search,4401,397,0.0,23,1421.94,0.09020677118836629,inf,2
2024-02-23,Google Ads,11677,681,546.63,20,2273.86,0.058319773914532844,3.159779009567715,2
2024-02-23,Facebook Ads,8393,373,165.2,11,1222.98,0.04444179673537472,6.403026634382567,2
2024-02-23,Instagram Ads,6076,225,124.32,5,509.15,0.03703094140882159,3.095479407979408,2
2024-02-23,TikTok Ads,12554,305,92.27,9,771.57,0.024295045403855346,7.362089519887288,2
2024-02-23,Email,3806,364,35.59,33,2477.66,0.09563846558066211,68.6167462770441,2
2024-02-23,Organic Search,5613,589,0.0,28,3185.78,0.10493497238553358,inf,2
2024-02-24,Google Ads,11182,697,473.02,23,1668.21,0.06233231979967806,2.5267219145067865,2
2024-02-24,Facebook Ads,11811,631,559.51,28,1283.84,0.0534247735162137,1.2945791853586173,2
2024-02-24,Instagram Ads,8081,235,199.21,5,571.76,0.02908055933671575,1.8701370413131868,2
2024-02-24,TikTok Ads,8597,241,78.15,4,182.95,0.02803303477957427,1.3410108765195135,2
2024-02-24,Email,4286,461,89.56,43,2920.74,0.10755949603359775,31.612103617686465,2
2024-02-24,Organic Search,5389,419,0.0,24,2781.92,0.0777509742067174,inf,2
2024-02-25,Google Ads,13845,672,783.09,25,1978.65,0.048537378114842905,1.5267210665440754,2
2024-02-25,Facebook Ads,9810,458,338.64,12,627.98,0.04668705402650357,0.854417670682731,2
2024-02-25,Instagram Ads,6212,220,185.18,6,251.62,0.03541532517707663,0.35878604600928826,2
2024-02-25,TikTok Ads,11092,447,167.75,11,518.78,0.04029931482149297,2.0925782414307004,2
2024-02-25,Email,4304,273,19.73,25,1432.25,0.06342936802973978,71.59249873289407,2
2024-02-25,Organic Search,6539,750,0.0,56,4294.75,0.1146964367640312,inf,2
2024-02-26,Google Ads,14437,928,1065.61,45,3645.9,0.06427928239939046,2.4214205947767007,2
2024-02-26,Facebook Ads,6864,276,168.48,8,366.45,0.04020979020979021,1.1750356125356125,2
2024-02-26,Instagram Ads,7503,336,199.24,10,1027.14,0.044782087165133946,4.1552901023890785,2
2024-02-26,TikTok Ads,7527,253,139.18,5,224.49,0.03361232894911651,0.6129472625377209,2
2024-02-26,Email,4373,508,39.77,42,4101.27,0.11616739080722616,102.1247171234599,2
2024-02-26,Organic Search,8261,643,0.0,38,2684.13,0.07783561312189807,inf,2
2024-02-27,Google Ads,8207,391,283.73,13,1169.79,0.04764225661021079,3.1228985302928836,2
2024-02-27,Facebook Ads,9917,415,256.89,14,1400.75,0.04184733286276091,4.45272295535054,2
2024-02-27,Instagram Ads,6040,157,104.62,4,183.11,0.02599337748344371,0.7502389600458804,2
2024-02-27,TikTok Ads,8868,337,154.45,7,460.47,0.03800180423996392,1.9813531887342186,2
2024-02-27,Email,3443,396,35.97,34,3760.32,0.11501597444089456,103.54045037531277,2
2024-02-27,Organic Search,4719,383,0.0,16,1861.29,0.0811612629794448,inf,2
2024-02-28,Google Ads,9050,426,436.45,17,1468.57,0.04707182320441989,2.36480696528812,2
2024-02-28,Facebook Ads,10719,470,225.2,19,1693.05,0.043847373822184905,6.517984014209591,2
2024-02-28,Instagram Ads,6654,229,151.65,8,882.69,0.03441538923955516,4.8205736894164195,2
2024-02-28,TikTok Ads,8709,259,96.72,8,523.75,0.029739350097600183,4.415115798180314,2
2024-02-28,Email,2797,160,29.74,13,1411.0,0.0572041473006793,46.444519166106254,2
2024-02-28,Organic Search,4024,401,0.0,19,2076.97,0.0996520874751491,inf,2
2024-02-29,Google Ads,8390,419,417.69,19,1212.59,0.0499404052443385,1.9030860207330793,2
2024-02-29,Facebook Ads,11383,524,223.76,23,1196.91,0.04603355881577791,4.349079370754381,2
2024-02-29,Instagram Ads,9258,344,310.14,9,747.0,0.037157053359256856,1.40858966918166,2
2024-02-29,TikTok Ads,12215,277,170.83,8,343.91,0.02267703643061809,1.0131709887022187,2
2024-02-29,Email,2444,158,23.62,14,1583.42,0.06464811783960721,66.0372565622354,2
2024-02-29,Organic Search,4761,322,0.0,17,1238.7,0.06763285024154589,inf,2
2024-03-01,Google Ads,8296,401,349.65,15,1690.13,0.048336547733847636,3.833776633776634,3
2024-03-01,Facebook Ads,10760,506,414.77,21,1676.42,0.047026022304832715,3.0418063022880153,3
2024-03-01,Instagram Ads,7195,328,204.28,12,737.54,0.04558721334259903,2.610436655570785,3
2024-03-01,TikTok Ads,12664,297,148.15,8,428.65,0.023452305748578647,1.893351333108336,3
2024-03-01,Email,4096,414,43.66,22,2042.88,0.10107421875,45.790655061841505,3
2024-03-01,Organic Search,5091,403,0.0,31,2301.23,0.07915930072677274,inf,3
2024-03-02,Google Ads,8227,587,643.4,34,1447.92,0.07135043150601678,1.2504196456325771,3
2024-03-02,Facebook Ads,6392,267,192.89,12,579.02,0.041770963704630786,2.0018145056768106,3
2024-03-02,Instagram Ads,9786,384,195.74,12,1353.34,0.03923973022685469,5.913967507918667,3
2024-03-02,TikTok Ads,7562,151,70.58,2,201.24,0.01996826236445385,1.8512326438084448,3
2024-03-02,Email,2901,196,32.17,15,954.13,0.06756290934160634,28.65899906745415,3
2024-03-02,Organic Search,4545,307,0.0,20,1044.25,0.06754675467546754,inf,3
2024-03-03,Google Ads,10640,710,842.84,26,2617.48,0.06672932330827068,2.1055479094490055,3
2024-03-03,Facebook Ads,8667,384,323.65,14,1467.61,0.04430598823122188,3.5345589371234363,3
2024-03-03,Instagram Ads,5761,157,94.81,3,301.99,0.027252213157437945,2.1852125303238057,3
2024-03-03,TikTok Ads,10450,435,175.32,14,1393.69,0.041626794258373206,6.949406798996122,3
2024-03-03,Email,2510,269,46.18,14,1174.21,0.10717131474103586,24.426808142052835,3
2024-03-03,Organic Search,4180,253,0.0,15,1162.58,0.060526315789473685,inf,3
2024-03-04,Google Ads,14753,839,750.83,40,3487.13,0.05686978919541788,3.6443669006299695,3
2024-03-04,Facebook Ads,6303,290,171.09,6,311.93,0.04600983658575281,0.8231924717984687,3
2024-03-04,Instagram Ads,5607,140,104.8,4,333.74,0.024968789013732832,2.1845419847328245,3
2024-03-04,TikTok Ads,12037,510,203.45,15,1743.98,0.0423693611364958,7.5720324404030475,3
2024-03-04,Email,4895,303,58.61,26,1230.28,0.061899897854954034,19.990957174543595,3
2024-03-04,Organic Search,7495,512,0.0,40,4553.38,0.06831220813875917,inf,3
2024-03-05,Google Ads,8562,669,464.32,35,3604.58,0.07813594954449894,6.763137491385251,3
2024-03-05,Facebook Ads,8601,484,317.9,22,2076.01,0.056272526450412745,5.530386914123939,3
2024-03-05,Instagram Ads,6731,330,216.91,7,464.13,0.0490268905066112,1.1397353741182978,3
2024-03-05,TikTok Ads,9259,292,211.31,7,571.49,0.031536883032724915,1.704509961667692,3
2024-03-05,Email,3515,391,75.29,39,3127.95,0.1112375533428165,40.54535794926284,3
2024-03-05,Organic Search,5112,317,0.0,16,1326.33,0.06201095461658842,inf,3
2024-03-06,Google Ads,8097,455,393.33,20,820.92,0.05619365196986538,1.0871024330714667,3
2024-03-06,Facebook Ads,10878,370,279.34,9,422.6,0.034013605442176874,0.512851721915945,3
2024-03-06,Instagram Ads,7400,239,174.41,8,457.37,0.0322972972972973,1.6223840376125225,3
2024-03-06,TikTok Ads,10553,349,143.1,6,324.52,0.033071164597744715,1.2677847658979735,3
2024-03-06,Email,2447,137,17.47,7,390.03,0.05598692276256641,21.325701202060674,3
2024-03-06,Organic Search,7685,702,0.0,39,4516.93,0.09134677944046844,inf,3
2024-03-07,Google Ads,10868,770,670.95,30,1255.55,0.0708502024291498,0.8713018853863922,3
2024-03-07,Facebook Ads,9281,412,173.14,12,1033.97,0.044391768128434435,4.971872473143121,3
2024-03-07,Instagram Ads,6749,239,197.82,6,383.49,0.035412653726478,0.9385805277525023,3
2024-03-07,TikTok Ads,9753,302,163.36,8,871.05,0.03096483133394853,4.332088638589617,3
2024-03-07,Email,4644,275,27.49,14,1467.68,0.05921619293712317,52.38959621680612,3
2024-03-07,Organic Search,5240,469,0.0,30,2704.28,0.08950381679389313,inf,3
2024-03-08,Google Ads,11613,663,455.12,37,3233.62,0.057091190906742445,6.1049833011074,3
2024-03-08,Facebook Ads,8685,314,244.26,8,497.95,0.036154289004029935,1.0386064030131827,3
2024-03-08,Instagram Ads,8351,326,269.69,7,620.32,0.03903724104897617,1.3001223627127445,3
2024-03-08,TikTok Ads,10360,275,179.02,7,629.97,0.026544401544401543,2.5189922913640936,3
2024-03-08,Email,4668,315,23.39,26,1227.44,0.06748071979434447,51.47712697734074,3
2024-03-08,Organic Search,7554,687,0.0,47,2284.02,0.090945194598888,inf,3
2024-03-09,Google Ads,9104,520,446.9,28,1782.23,0.05711775043936731,2.987983889013202,3
2024-03-09,Facebook Ads,6806,240,127.95,9,897.02,0.03526300323244196,6.010707307542008,3
2024-03-09,Instagram Ads,5825,151,84.55,5,275.35,0.02592274678111588,2.2566528681253697,3
2024-03-09,TikTok Ads,10648,426,264.95,13,1267.95,0.040007513148009016,3.7856199282883565,3
2024-03-09,Email,3590,374,41.42,26,1886.9,0.10417827298050139,44.55528730082086,3
2024-03-09,Organic Search,7424,552,0.0,27,2027.03,0.07435344827586207,inf,3
2024-03-10,Google Ads,11095,686,480.46,25,2686.36,0.061829652996845424,4.591225075968864,3
2024-03-10,Facebook Ads,9738,458,200.62,21,1393.42,0.04703224481413021,5.945568736915562,3
2024-03-10,Instagram Ads,7215,276,190.98,8,384.34,0.038253638253638256,1.0124620379097287,3
2024-03-10,TikTok Ads,12871,333,166.81,10,610.06,0.025872115608732812,2.657214795276062,3
2024-03-10,Email,2954,264,22.11,16,1783.38,0.08937034529451592,79.6594301221167,3
2024-03-10,Organic Search,6460,600,0.0,44,3538.18,0.09287925696594428,inf,3
2024-03-11,Google Ads,13220,994,1135.66,40,1837.86,0.07518910741301059,0.6183188630399942,3
2024-03-11,Facebook Ads,10210,421,205.07,19,2097.38,0.04123408423114593,9.227629589896134,3
2024-03-11,Instagram Ads,9341,280,236.15,7,723.16,0.029975377368590087,2.0622909167901757,3
2024-03-11,TikTok Ads,9089,391,237.46,8,780.6,0.0430190339971394,2.287290491030068,3
2024-03-11,Email,2637,186,24.22,16,1238.79,0.07053469852104664,50.14739884393064,3
2024-03-11,Organic Search,8908,550,0.0,34,3254.31,0.06174225415356983,inf,3
2024-03-12,Google Ads,8763,433,343.77,15,1010.05,0.049412301723154174,1.9381563254501557,3
2024-03-12,Facebook Ads,11524,675,502.84,33,2088.83,0.05857341200971885,3.1540649113037946,3
2024-03-12,Instagram Ads,9044,268,158.01,10,845.48,0.029632905793896505,4.3508005822416305,3
2024-03-12,TikTok Ads,12413,292,127.91,9,694.45,0.023523725126883107,4.429208036900946,3
2024-03-12,Email,2824,223,17.4,12,512.1,0.07896600566572239,28.431034482758626,3
2024-03-12,Organic Search,5405,514,0.0,28,1349.36,0.09509713228492137,inf,3
2024-03-13,Google Ads,13889,968,658.59,39,2380.32,0.0696954424364605,2.6142668428005282,3
2024-03-13,Facebook Ads,9357,286,230.78,7,665.22,0.030565352142780805,1.8824854840107463,3
2024-03-13,Instagram Ads,5632,195,102.14,6,248.89,0.034623579545454544,1.4367534756216958,3
2024-03-13,TikTok Ads,9391,371,157.54,7,593.74,0.0395059099137472,2.768820616986163,3
2024-03-13,Email,4005,419,57.4,31,2016.3,0.10461922596754057,34.12717770034843,3
2024-03-13,Organic Search,8270,916,0.0,49,2636.63,0.11076178960096736,inf,3
2024-03-14,Google Ads,8045,382,278.5,16,901.74,0.047482908638906154,2.2378456014362658,3
2024-03-14,Facebook Ads,11179,597,429.19,16,1833.96,0.05340370337239467,3.2730725319788436,3
2024-03-14,Instagram Ads,5899,187,107.23,6,607.69,0.03170028818443804,4.667164039914203,3
2024-03-14,TikTok Ads,9679,290,165.64,4,164.79,0.02996177291042463,-0.005131610722047781,3
2024-03-14,Email,4213,439,38.84,22,1396.38,0.10420128174697366,34.95211122554068,3
2024-03-14,Organic Search,6921,620,0.0,25,2780.04,0.08958243028464095,inf,3
2024-03-15,Google Ads,9526,681,443.22,31,2073.21,0.07148855763174469,3.6776093136591306,3
2024-03-15,Facebook Ads,10964,556,301.92,12,885.96,0.050711419190076615,1.9344197138314783,3
2024-03-15,Instagram Ads,7372,224,220.52,6,404.9,0.030385241454150842,0.8361146381280607,3
2024-03-15,TikTok Ads,9357,216,104.45,5,431.57,0.023084321898044245,3.1318334131163237,3
2024-03-15,Email,4974,354,67.54,22,1354.84,0.07117008443908324,19.059816405093276,3
2024-03-15,Organic Search,8889,889,0.0,40,1813.21,0.10001124985937676,inf,3
2024-03-16,Google Ads,8058,447,385.92,22,2474.75,0.05547282204020849,5.412598466003316,3
2024-03-16,Facebook Ads,6919,285,118.58,11,446.12,0.04119092354386472,2.7621858660819703,3
2024-03-16,Instagram Ads,5020,239,197.64,9,569.89,0.04760956175298805,1.8834750050597047,3
2024-03-16,TikTok Ads,11176,396,209.92,9,588.04,0.03543307086614173,1.8012576219512197,3
2024-03-16,Email,2071,222,28.52,11,1072.71,0.10719459198454853,36.61255259467041,3
2024-03-16,Organic Search,8029,880,0.0,43,2618.53,0.10960269024785153,inf,3
2024-03-17,Google Ads,9128,469,539.14,23,2108.57,0.05138036809815951,2.910987869570057,3
2024-03-17,Facebook Ads,10817,527,451.91,24,1876.78,0.04871960802440603,3.152995065389126,3
2024-03-17,Instagram Ads,7775,278,211.11,10,780.5,0.0357556270096463,2.6971247217090615,3
2024-03-17,TikTok Ads,12497,371,142.94,12,1168.74,0.029687124909978393,7.176437666153631,3
2024-03-17,Email,3834,364,67.19,21,1329.85,0.09494001043296818,18.79237981842536,3
2024-03-17,Organic Search,6823,516,0.0,31,1770.74,0.07562655723288876,inf,3
2024-03-18,Google Ads,14955,1069,899.81,60,6350.82,0.07148110999665663,6.057956679743502,3
2024-03-18,Facebook Ads,9307,405,259.25,13,632.45,0.043515633394219405,1.4395371263259404,3
2024-03-18,Instagram Ads,8827,290,151.6,11,647.4,0.03285374419395038,3.2704485488126647,3
2024-03-18,TikTok Ads,7491,282,162.55,5,396.54,0.03764517420905086,1.439495539833897,3
2024-03-18,Email,2652,317,37.51,15,1237.63,0.11953242835595777,31.994668088509737,3
2024-03-18,Organic Search,7714,740,0.0,46,2513.16,0.09592947886958776,inf,3
2024-03-19,Google Ads,13739,578,497.46,22,2550.2,0.0420700196520853,4.126442327021268,3
2024-03-19,Facebook Ads,8633,421,251.63,19,1054.19,0.048766361635584385,3.189444819775067,3
2024-03-19,Instagram Ads,5931,258,177.55,10,746.37,0.04350025290844714,3.203717262742889,3
2024-03-19,TikTok Ads,7633,289,224.33,5,409.6,0.0378619153674833,0.8258815138412161,3
2024-03-19,Email,4887,279,22.67,27,2695.12,0.0570902394106814,117.88486987207762,3
2024-03-19,Organic Search,5904,441,0.0,18,1784.34,0.07469512195121951,inf,3
2024-03-20,Google Ads,13526,678,537.91,32,2420.37,0.05012568386810587,3.499581714413192,3
2024-03-20,Facebook Ads,7748,417,338.88,16,1335.8,0.053820340733092414,2.9418083097261567,3
2024-03-20,Instagram Ads,8290,385,236.97,14,892.42,0.046441495778045835,2.765961936110056,3
2024-03-20,TikTok Ads,11650,352,118.8,9,979.0,0.030214592274678112,7.240740740740741,3
2024-03-20,Email,3891,442,79.7,30,3429.78,0.11359547674119763,42.03362609786701,3
2024-03-20,Organic Search,6125,675,0.0,47,4703.05,0.11020408163265306,inf,3
2024-03-21,Google Ads,13166,661,786.71,29,3091.47,0.050205073674616435,2.9296182837386073,3
2024-03-21,Facebook Ads,8064,399,304.78,16,1091.68,0.049479166666666664,2.5818623269243393,3
2024-03-21,Instagram Ads,8536,279,262.05,6,271.2,0.03268509840674789,0.034917000572409755,3
2024-03-21,TikTok Ads,8511,221,102.66,4,473.89,0.025966396428151805,3.6161114358075204,3
2024-03-21,Email,3834,252,29.67,12,1061.95,0.06572769953051644,34.79204583754634,3
2024-03-21,Organic Search,8893,1032,0.0,73,2932.76,0.11604632857303497,inf,3
2024-03-22,Google Ads,8610,414,269.52,22,1598.94,0.04808362369337979,4.932546749777383,3
2024-03-22,Facebook Ads,11892,708,511.31,26,2067.61,0.05953582240161453,3.0437503667051304,3
2024-03-22,Instagram Ads,9217,453,236.41,12,573.28,0.049148312900075944,1.424939723361956,3
2024-03-22,TikTok Ads,11481,457,275.6,7,701.96,0.03980489504398572,1.5470246734397677,3
2024-03-22,Email,3231,284,39.77,25,2710.97,0.08789848344165893,67.16620568267537,3
2024-03-22,Organic Search,6795,617,0.0,40,2247.88,0.09080206033848418,inf,3
2024-03-23,Google Ads,13630,589,523.39,21,2468.35,0.04321349963316214,3.716081698160072,3
2024-03-23,Facebook Ads,8900,331,190.6,12,636.15,0.03719101123595506,2.337618048268625,3
2024-03-23,Instagram Ads,9289,447,254.9,8,770.74,0.04812143395413931,2.0236955668889762,3
2024-03-23,TikTok Ads,11927,277,107.33,7,793.81,0.023224616416533915,6.395975030280443,3
2024-03-23,Email,4718,353,66.58,30,3376.49,0.0748198389147944,49.713277260438566,3
2024-03-23,Organic Search,5080,432,0.0,33,2537.41,0.08503937007874016,inf,3
2024-03-24,Google Ads,8888,414,334.44,21,922.53,0.04657965796579658,1.75843200574094,3
2024-03-24,Facebook Ads,6502,383,295.54,13,629.45,0.05890495232236235,1.1298301414360155,3
2024-03-24,Instagram Ads,6896,337,176.26,11,850.79,0.04886890951276102,3.8269034381028026,3
2024-03-24,TikTok Ads,8976,278,183.82,8,754.48,0.030971479500891266,3.104450005440105,3
2024-03-24,Email,2257,131,6.83,9,807.4,0.05804164820558263,117.21376281112737,3
2024-03-24,Organic Search,6723,618,0.0,39,4608.15,0.09192324854975457,inf,3
2024-03-25,Google Ads,12988,815,824.31,39,3158.79,0.06275023098244534,2.8320413436692506,3
2024-03-25,Facebook Ads,7996,344,144.21,7,337.08,0.04302151075537769,1.337424589140836,3
2024-03-25,Instagram Ads,9807,440,336.4,16,1629.83,0.04486591210359947,3.844916765755053,3
2024-03-25,TikTok Ads,8725,371,162.25,10,563.57,0.04252148997134671,2.47346687211094,3
2024-03-25,Email,4169,290,56.51,19,1834.82,0.06956104581434397,31.468943549814192,3
2024-03-25,Organic Search,5790,416,0.0,24,2787.03,0.07184801381692574,inf,3
2024-03-26,Google Ads,12456,798,690.71,27,1464.98,0.0640655105973025,1.1209769657309145,3
2024-03-26,Facebook Ads,9855,403,240.34,9,913.81,0.04089294774226281,2.802155280019971,3
2024-03-26,Instagram Ads,7030,348,249.35,8,707.25,0.049502133712660025,1.8363745738921196,3
2024-03-26,TikTok Ads,8496,236,102.57,7,632.53,0.027777777777777776,5.166812908257776,3
2024-03-26,Email,4057,396,35.05,31,2157.42,0.09760907074192754,60.55263908701855,3
2024-03-26,Organic Search,5648,605,0.0,28,2513.02,0.10711756373937677,inf,3
2024-03-27,Google Ads,10440,513,428.6,25,2080.59,0.04913793103448276,3.8543863742417175,3
2024-03-27,Facebook Ads,6371,213,157.15,8,937.69,0.033432742112698165,4.9668469615017505,3
2024-03-27,Instagram Ads,6425,212,157.77,5,521.58,0.03299610894941634,2.3059517018444575,3
2024-03-27,TikTok Ads,10065,344,270.28,11,962.81,0.03417784401390959,2.5622687583247004,3
2024-03-27,Email,4851,283,46.46,18,1205.85,0.05833848690991548,24.95458458889367,3
2024-03-27,Organic Search,4298,329,0.0,16,1785.01,0.07654723127035831,inf,3
2024-03-28,Google Ads,10398,774,841.36,29,3227.73,0.07443739180611655,2.836324522202149,3
2024-03-28,Facebook Ads,11316,621,372.11,27,2082.39,0.054878048780487805,4.596167799844131,3
2024-03-28,Instagram Ads,5135,238,179.05,7,493.51,0.04634858812074002,1.7562691985478913,3
2024-03-28,TikTok Ads,9652,389,125.18,6,716.28,0.040302527973477,4.722000319539862,3
2024-03-28,Email,4234,433,50.68,40,2137.89,0.10226735947094946,41.18409629044988,3
2024-03-28,Organic Search,5835,483,0.0,21,1711.27,0.08277634961439588,inf,3
2024-03-29,Google Ads,9987,626,642.33,32,2401.27,0.06268148593171123,2.7383743558606946,3
2024-03-29,Facebook Ads,6850,388,301.57,8,875.84,0.05664233576642336,1.9042676658818847,3
2024-03-29,Instagram Ads,5591,251,130.83,9,887.11,0.04489357896619567,5.78063135366506,3
2024-03-29,TikTok Ads,11415,362,140.66,6,254.49,0.03171265878230398,0.8092563628607992,3
2024-03-29,Email,4349,321,59.84,19,1062.51,0.0738100712807542,16.75584893048128,3
2024-03-29,Organic Search,7933,481,0.0,36,3976.56,0.06063279969746628,inf,3
2024-03-30,Google Ads,14521,1040,1116.52,50,5747.1,0.07162041181736795,4.147332784007451,3
2024-03-30,Facebook Ads,9936,506,444.96,16,1255.19,0.05092592592592592,1.8209052499101044,3
2024-03-30,Instagram Ads,7788,346,208.15,13,760.18,0.04442732408834104,2.65207782848907,3
2024-03-30,TikTok Ads,7989,278,136.12,9,548.13,0.03479784703967956,3.026814575374669,3
2024-03-30,Email,4746,243,37.85,19,1965.47,0.05120101137800253,50.92787318361955,3
2024-03-30,Organic Search,5353,459,0.0,36,3524.9,0.08574631048010461,inf,3
2024-03-31,Google Ads,11016,509,399.26,18,1366.5,0.046205519244734934,2.4225817762861293,3
2024-03-31,Facebook Ads,11290,427,321.41,17,1982.48,0.03782108060230292,5.16807193304502,3
2024-03-31,Instagram Ads,9527,287,157.21,7,699.73,0.030124908155767818,3.45092551364417,3
2024-03-31,TikTok Ads,12091,279,172.56,6,557.74,0.023075014473575385,2.2321511358368102,3
2024-03-31,Email,2902,272,19.19,25,2318.8,0.09372846312887664,119.83376758728504,3
2024-03-31,Organic Search,5159,609,0.0,45,2879.03,0.11804613297150611,inf,3
2024-04-01,Google Ads,11092,544,430.12,16,1631.42,0.04904435629282366,2.792941504696364,4
2024-04-01,Facebook Ads,11250,422,230.93,13,1158.59,0.03751111111111111,4.017061447191789,4
2024-04-01,Instagram Ads,5037,179,135.91,5,275.57,0.03553702600754417,1.0275917886836878,4
2024-04-01,TikTok Ads,7515,209,156.56,5,454.01,0.027811044577511643,1.8999105774144096,4
2024-04-01,Email,4009,228,40.48,12,1060.94,0.05687203791469194,25.208992094861664,4
2024-04-01,Organic Search,8111,537,0.0,32,3388.04,0.06620638638885464,inf,4
2024-04-02,Google Ads,14539,841,589.18,47,4619.7,0.05784441846069193,6.840897518585153,4
2024-04-02,Facebook Ads,6987,299,193.01,11,884.5,0.0427937598397023,3.5826641106678414,4
2024-04-02,Instagram Ads,6859,231,116.46,7,343.06,0.03367837877241581,1.945732440322858,4
2024-04-02,TikTok Ads,11270,420,307.59,6,348.4,0.037267080745341616,0.13267661497447902,4
2024-04-02,Email,3025,242,41.56,23,1224.2,0.08,28.456207892204045,4
2024-04-02,Organic Search,7781,695,0.0,50,3440.47,0.08932013879964015,inf,4
2024-04-03,Google Ads,14382,881,833.37,33,3207.61,0.06125712696426088,2.848962645643592,4
2024-04-03,Facebook Ads,7660,336,242.91,9,536.01,0.04386422976501306,1.206619735704582,4
2024-04-03,Instagram Ads,9876,493,447.86,14,1668.92,0.049918995544754964,2.726432367257625,4
2024-04-03,TikTok Ads,9502,297,148.64,6,459.76,0.0312565775626184,2.093110871905275,4
2024-04-03,Email,4786,351,57.85,29,3439.36,0.07333890513999164,58.45306828003457,4
2024-04-03,Organic Search,5303,567,0.0,44,2901.39,0.10692061097491985,inf,4
2024-04-04,Google Ads,12637,581,376.03,19,964.37,0.04597610192292474,1.5646092067122306,4
2024-04-04,Facebook Ads,7918,375,276.13,17,1102.84,0.04736044455670624,2.9939159091732153,4
2024-04-04,Instagram Ads,7088,195,123.2,7,322.18,0.027511286681715576,1.6150974025974028,4
2024-04-04,TikTok Ads,11069,353,263.96,7,643.58,0.03189086638359382,1.4381724503712687,4
2024-04-04,Email,2998,192,30.86,16,1564.04,0.06404269513008673,49.681788723266365,4
2024-04-04,Organic Search,4425,447,0.0,34,2734.29,0.10101694915254238,inf,4
2024-04-05,Google Ads,14894,854,760.33,47,2717.67,0.05733852558077078,2.574329567424671,4
2024-04-05,Facebook Ads,8607,496,380.45,12,728.53,0.05762751248983385,0.914916546195295,4
2024-04-05,Instagram Ads,9349,376,360.2,13,552.84,0.04021820515563162,0.5348139922265409,4
2024-04-05,TikTok Ads,8625,243,144.42,6,359.3,0.02817391304347826,1.4878825647417258,4
2024-04-05,Email,2896,305,48.66,30,1942.3,0.10531767955801105,38.91574188244965,4
2024-04-05,Organic Search,8117,858,0.0,46,2917.23,0.10570407786127879,inf,4
2024-04-06,Google Ads,9072,462,483.5,15,1208.69,0.05092592592592592,1.4998759048603931,4
2024-04-06,Facebook Ads,10356,481,198.05,15,1080.71,0.04644650444186945,4.45675334511487,4
2024-04-06,Instagram Ads,8145,260,183.4,9,600.66,0.03192142418661756,2.2751363140676117,4
2024-04-06,TikTok Ads,9522,329,256.35,6,505.43,0.03455156479731149,0.9716403354788373,4
2024-04-06,Email,4873,468,58.06,29,3126.87,0.0960394007798071,52.855838787461245,4
2024-04-06,Organic Search,4711,522,0.0,28,2106.8,0.11080450010613457,inf,4
2024-04-07,Google Ads,14995,1074,686.24,54,2977.7,0.07162387462487496,3.3391524830962926,4
2024-04-07,Facebook Ads,8787,295,125.35,10,1094.52,0.03357232274951633,7.7317112086158755,4
2024-04-07,Instagram Ads,9268,270,181.43,5,244.11,0.02913249892101856,0.345477594664609,4
2024-04-07,TikTok Ads,11073,446,355.62,7,817.72,0.0402781540684548,1.299420729992689,4
2024-04-07,Email,4045,203,21.11,15,1361.33,0.05018541409147095,63.48744670772146,4
2024-04-07,Organic Search,8360,782,0.0,56,3475.27,0.09354066985645933,inf,4
2024-04-08,Google Ads,14959,737,676.38,43,4665.67,0.04926799919780734,5.898001123628729,4
2024-04-08,Facebook Ads,6398,306,141.99,9,767.2,0.04782744607689903,4.403197408268188,4
2024-04-08,Instagram Ads,7082,270,208.23,5,268.61,0.03812482349618752,0.28996782404072435,4
2024-04-08,TikTok Ads,7662,203,107.72,5,348.87,0.026494387888279822,2.238674340883773,4
2024-04-08,Email,4883,286,18.55,22,1816.53,0.05857055089084579,96.92614555256064,4
2024-04-08,Organic Search,4381,311,0.0,16,1107.68,0.07098835882218671,inf,4
2024-04-09,Google Ads,13614,948,700.59,30,1703.42,0.06963420008814455,1.431407813414408,4
2024-04-09,Facebook Ads,6978,414,313.83,18,1718.83,0.05932932072226999,4.476946117324666,4
2024-04-09,Instagram Ads,9552,399,287.55,8,797.93,0.0417713567839196,1.7749260998087286,4
2024-04-09,TikTok Ads,10011,440,288.68,14,1255.66,0.04395165318150035,3.3496605237633363,4
2024-04-09,Email,3037,265,51.86,16,1709.26,0.08725716167270332,31.95912070960278,4
2024-04-09,Organic Search,5985,400,0.0,21,1392.92,0.06683375104427736,inf,4
2024-04-10,Google Ads,11493,670,779.43,27,1717.81,0.05829635430261899,1.2039310778389336,4
2024-04-10,Facebook Ads,10559,520,285.31,15,1171.78,0.04924708779240458,3.1070414636710946,4
2024-04-10,Instagram Ads,6571,257,149.15,8,360.85,0.03911124638563385,1.4193764666443178,4
2024-04-10,TikTok Ads,12280,371,240.05,10,564.46,0.030211726384364822,1.3514267860862321,4
2024-04-10,Email,4298,434,35.04,27,1516.94,0.10097719869706841,42.29166666666667,4
2024-04-10,Organic Search,6120,645,0.0,43,3589.76,0.1053921568627451,inf,4
2024-04-11,Google Ads,14375,679,751.02,25,1857.94,0.04723478260869565,1.4738888445048068,4
2024-04-11,Facebook Ads,7607,454,219.61,21,1942.77,0.05968187196003681,7.84645507945904,4
2024-04-11,Instagram Ads,7669,305,236.32,8,677.3,0.03977050462902595,1.8660291130670277,4
2024-04-11,TikTok Ads,9623,287,205.82,9,779.44,0.029824379091759327,2.7869983480711307,4
2024-04-11,Email,2450,260,15.49,18,1376.47,0.10612244897959183,87.86184635248547,4
2024-04-11,Organic Search,7343,579,0.0,27,1100.65,0.07885060601933815,inf,4
2024-04-12,Google Ads,10070,426,270.28,15,1662.9,0.042303872889771596,5.152508509693652,4
2024-04-12,Facebook Ads,9116,389,272.72,18,1671.88,0.04267222465993857,5.130390143737166,4
2024-04-12,Instagram Ads,8795,371,299.18,10,872.52,0.04218305855599772,1.9163714152015505,4
2024-04-12,TikTok Ads,9716,238,80.0,7,351.99,0.024495677233429394,3.399875,4
2024-04-12,Email,3104,155,30.88,10,1004.7,0.04993556701030928,31.535621761658035,4
2024-04-12,Organic Search,4462,477,0.0,23,2662.9,0.10690273419991035,inf,4
2024-04-13,Google Ads,10861,526,374.29,20,2388.5,0.048430162968419115,5.38141547997542,4
2024-04-13,Facebook Ads,11335,599,387.84,18,1739.47,0.05284516982796648,3.4850195957095713,4
2024-04-13,Instagram Ads,5177,173,108.61,6,641.9,0.033417036893954026,4.910137188104226,4
2024-04-13,TikTok Ads,8345,370,182.96,7,517.53,0.044337926902336726,1.828651071272409,4
2024-04-13,Email,4233,284,17.36,23,1647.99,0.06709189699976376,93.93029953917052,4
2024-04-13,Organic Search,7074,480,0.0,20,2201.42,0.06785411365564037,inf,4
2024-04-14,Google Ads,14973,1128,988.17,47,3705.89,0.07533560408735725,2.7502555228351397,4
2024-04-14,Facebook Ads,7438,268,181.29,6,487.55,0.036031191180424846,1.6893375255116112,4
2024-04-14,Instagram Ads,9353,266,230.95,6,258.69,0.028440072703945257,0.12011257848019057,4
2024-04-14,TikTok Ads,7837,327,137.88,5,275.91,0.041725149929820085,1.001087902523934,4
2024-04-14,Email,2571,200,11.05,17,957.8,0.07779074290159471,85.6787330316742,4
2024-04-14,Organic Search,8328,549,0.0,22,1234.5,0.06592219020172911,inf,4
2024-04-15,Google Ads,12494,513,390.6,30,2865.57,0.041059708660156874,6.336328725038403,4
2024-04-15,Facebook Ads,9497,411,265.9,14,1029.67,0.04327682426029272,2.8723956374576916,4
2024-04-15,Instagram Ads,6325,289,241.66,6,555.23,0.045691699604743084,1.2975668294297775,4
2024-04-15,TikTok Ads,7817,214,156.7,4,301.46,0.02737623129077651,0.9238034460753032,4
2024-04-15,Email,4269,375,59.2,31,1960.22,0.08784258608573436,32.111824324324324,4
2024-04-15,Organic Search,8868,756,0.0,45,2280.18,0.08525033829499323,inf,4
2024-04-16,Google Ads,11491,761,778.42,35,3181.77,0.06622574188495345,3.0874720587857456,4
2024-04-16,Facebook Ads,6948,275,202.64,13,1368.05,0.039579735175590096,5.751135017765495,4
2024-04-16,Instagram Ads,9338,242,212.04,4,386.69,0.02591561362176055,0.8236653461611018,4
2024-04-16,TikTok Ads,9915,340,170.71,11,560.56,0.03429147755925366,2.2836974986819745,4
2024-04-16,Email,3866,367,36.02,32,1661.98,0.09493016037247802,45.14047751249306,4
2024-04-16,Organic Search,4654,468,0.0,23,2450.63,0.1005586592178771,inf,4
2024-04-17,Google Ads,9432,462,384.17,20,844.3,0.048982188295165395,1.1977249655100604,4
2024-04-17,Facebook Ads,9756,364,283.17,8,738.28,0.03731037310373104,1.6071970900872266,4
2024-04-17,Instagram Ads,5821,258,148.14,9,469.73,0.04432228139494932,2.1708518968543276,4
2024-04-17,TikTok Ads,12760,374,296.73,8,493.88,0.029310344827586206,0.6644087217335624,4
2024-04-17,Email,4353,402,66.85,23,1536.8,0.0923501033769814,21.9887808526552,4
2024-04-17,Organic Search,4548,499,0.0,30,3424.11,0.10971855760773967,inf,4
2024-04-18,Google Ads,11020,468,507.16,17,948.31,0.042468239564428314,0.8698438362646894,4
2024-04-18,Facebook Ads,7624,230,144.34,7,419.25,0.030167890870933894,1.9046002494111123,4
2024-04-18,Instagram Ads,5169,257,239.07,5,540.93,0.049719481524472815,1.262642740619902,4
2024-04-18,TikTok Ads,10630,235,101.3,5,215.97,0.022107243650047036,1.131984205330701,4
2024-04-18,Email,3620,280,51.89,26,2979.5,0.07734806629834254,56.4195413374446,4
2024-04-18,Organic Search,5715,491,0.0,29,3439.28,0.08591426071741032,inf,4
2024-04-19,Google Ads,11375,722,553.71,36,3329.7,0.06347252747252748,5.013436636506474,4
2024-04-19,Facebook Ads,8313,461,341.09,21,1122.4,0.055455310958739325,2.290627107215105,4
2024-04-19,Instagram Ads,9940,336,335.12,13,682.16,0.03380281690140845,1.0355693482931485,4
2024-04-19,TikTok Ads,11680,417,270.59,12,812.54,0.03570205479452055,2.002845633615433,4
2024-04-19,Email,4364,276,49.56,17,1879.84,0.06324472960586618,36.930589184826474,4
2024-04-19,Organic Search,6639,756,0.0,42,2252.04,0.11387257117035698,inf,4
2024-04-20,Google Ads,13024,624,393.68,19,833.91,0.04791154791154791,1.1182432432432432,4
2024-04-20,Facebook Ads,6410,347,174.13,12,738.15,0.05413416536661467,3.2390742548670532,4
2024-04-20,Instagram Ads,7621,292,235.57,10,1145.94,0.03831518173468049,3.864541325296091,4
2024-04-20,TikTok Ads,11380,281,119.11,8,634.68,0.02469244288224956,4.328519855595667,4
2024-04-20,Email,4521,405,49.69,34,3617.39,0.08958195089581951,71.79915475950895,4
2024-04-20,Organic Search,7025,818,0.0,64,4558.54,0.11644128113879003,inf,4
2024-04-21,Google Ads,11513,819,660.04,49,3913.43,0.07113697559280813,4.929080055754197,4
2024-04-21,Facebook Ads,8699,386,283.67,18,1652.14,0.044372916427175536,4.824161878238798,4
2024-04-21,Instagram Ads,8041,214,176.1,5,293.11,0.026613605272975998,0.6644520159000569,4
2024-04-21,TikTok Ads,9205,272,174.93,6,449.93,0.029549158066268334,1.5720573943863259,4
2024-04-21,Email,3055,167,12.37,12,511.35,0.054664484451718495,40.33791430881165,4
2024-04-21,Organic Search,6161,641,0.0,36,1805.91,0.10404155169615323,inf,4
2024-04-22,Google Ads,10712,707,518.54,40,2988.23,0.06600074682598954,4.762776256412235,4
2024-04-22,Facebook Ads,8878,482,339.17,21,1422.19,0.054291507096192834,3.193147978889642,4
2024-04-22,Instagram Ads,6771,259,244.57,6,261.31,0.03825136612021858,0.06844666148750873,4
2024-04-22,TikTok Ads,12911,400,273.93,6,544.85,0.030981333746417785,0.9890117913335524,4
2024-04-22,Email,3436,244,13.71,17,1244.19,0.0710128055878929,89.75054704595186,4
2024-04-22,Organic Search,8412,891,0.0,36,1756.74,0.10592011412268189,inf,4
2024-04-23,Google Ads,8902,624,403.35,22,1714.35,0.07009660750393171,3.2502789140944586,4
2024-04-23,Facebook Ads,10947,440,284.08,14,1548.74,0.04019366036356993,4.4517741481272886,4
2024-04-23,Instagram Ads,5470,137,109.39,3,325.92,0.025045703839122486,1.9794313922662037,4
2024-04-23,TikTok Ads,11960,437,157.29,6,277.24,0.03653846153846154,0.7626041070633862,4
2024-04-23,Email,3369,229,21.71,20,973.69,0.06797269219352924,43.84983878397052,4
2024-04-23,Organic Search,8410,895,0.0,44,2634.89,0.10642092746730084,inf,4
2024-04-24,Google Ads,9624,630,678.72,29,1386.46,0.06546134663341646,1.0427569542668553,4
2024-04-24,Facebook Ads,8313,496,404.22,16,1201.48,0.05966558402502105,1.9723417940725345,4
2024-04-24,Instagram Ads,9018,268,203.28,9,841.65,0.029718341095586603,3.1403482880755607,4
2024-04-24,TikTok Ads,11431,295,143.84,10,1136.24,0.025807016009098068,6.899332591768632,4
2024-04-24,Email,3980,296,54.78,21,1481.52,0.0743718592964824,26.044906900328588,4
2024-04-24,Organic Search,4047,310,0.0,24,998.43,0.07659995058067705,inf,4
2024-04-25,Google Ads,8101,531,323.81,16,1886.94,0.06554746327613875,4.827306136314506,4
2024-04-25,Facebook Ads,8990,517,289.29,23,1659.03,0.0575083426028921,4.7348335580213625,4
2024-04-25,Instagram Ads,7791,358,181.4,8,848.62,0.0459504556539597,3.678169790518192,4
2024-04-25,TikTok Ads,10857,360,275.81,7,774.45,0.03315833103067146,1.8079112432471631,4
2024-04-25,Email,4306,453,27.85,42,4594.84,0.10520204366000929,163.98527827648113,4
2024-04-25,Organic Search,8023,880,0.0,66,3861.08,0.1096846566122398,inf,4
2024-04-26,Google Ads,8344,459,443.66,22,2063.43,0.05500958772770853,3.650926385069647,4
2024-04-26,Facebook Ads,6561,232,134.29,6,275.07,0.03536046334400244,1.0483282448432498,4
2024-04-26,Instagram Ads,7416,346,264.35,12,1238.45,0.04665587918015102,3.6848874598070736,4
2024-04-26,TikTok Ads,9446,296,235.59,8,771.49,0.03133601524454796,2.274714546457829,4
2024-04-26,Email,3206,265,32.92,15,1485.8,0.08265751715533375,44.133657351154305,4
2024-04-26,Organic Search,5026,541,0.0,22,2035.96,0.10764027059291684,inf,4
2024-04-27,Google Ads,9762,504,594.7,26,1601.61,0.05162876459741856,1.6931393980158058,4
2024-04-27,Facebook Ads,6988,419,264.65,9,653.22,0.059959931310818546,1.4682410731154358,4
2024-04-27,Instagram Ads,8941,424,253.38,10,1186.53,0.047421988591880106,3.6828084300260477,4
2024-04-27,TikTok Ads,7514,252,100.52,6,633.61,0.03353739685919617,5.303322721846399,4
2024-04-27,Email,4223,367,52.58,18,1342.78,0.08690504380771963,24.537847090148347,4
2024-04-27,Organic Search,5220,323,0.0,22,1891.24,0.061877394636015326,inf,4
2024-04-28,Google Ads,13421,1032,829.51,51,2194.7,0.07689441919380076,1.645778833287121,4
2024-04-28,Facebook Ads,6355,315,230.99,13,1266.63,0.04956726986624705,4.483484133512274,4
2024-04-28,Instagram Ads,6224,170,106.3,4,227.35,0.02731362467866324,1.138758231420508,4
2024-04-28,TikTok Ads,9352,213,69.59,6,332.3,0.022775876817792987,3.7751113665756577,4
2024-04-28,Email,4646,287,41.57,17,1501.77,0.061773568661213946,35.12629299975944,4
2024-04-28,Organic Search,7008,800,0.0,50,2307.47,0.1141552511415525,inf,4
2024-04-29,Google Ads,11387,611,699.34,18,1710.15,0.05365767981031,1.4453770698086768,4
2024-04-29,Facebook Ads,9390,522,219.52,13,732.58,0.05559105431309904,2.337190233236152,4
2024-04-29,Instagram Ads,9099,320,308.5,7,301.91,0.03516869985712716,-0.021361426256077714,4
2024-04-29,TikTok Ads,11953,290,107.61,7,344.85,0.02426169162553334,2.2046278226930585,4
2024-04-29,Email,4357,459,56.52,44,4226.58,0.10534771631856782,73.78025477707006,4
2024-04-29,Organic Search,8752,699,0.0,43,4187.12,0.0798674588665448,inf,4
2024-04-30,Google Ads,12836,513,326.62,21,2508.86,0.039965721408538483,6.681280999326435,4
2024-04-30,Facebook Ads,11349,343,179.62,14,594.34,0.030222927130143625,2.308874290168133,4
2024-04-30,Instagram Ads,9444,400,380.12,15,1608.03,0.042354934349851756,3.2303220035778173,4
2024-04-30,TikTok Ads,8084,174,67.52,4,477.03,0.021523998020781792,6.065017772511848,4
2024-04-30,Email,3308,303,32.9,23,2352.51,0.09159613059250302,70.5048632218845,4
2024-04-30,Organic Search,7463,658,0.0,40,3317.8,0.08816829693152888,inf,4
2024-05-01,Google Ads,12352,975,832.35,29,3401.89,0.07893458549222798,3.087090767105184,5
2024-05-01,Facebook Ads,6658,287,201.14,9,830.4,0.043106037849203964,3.128467733916675,5
2024-05-01,Instagram Ads,7745,280,179.26,9,1030.98,0.036152356358941255,4.751310944996096,5
2024-05-01,TikTok Ads,11210,442,339.55,7,462.57,0.03942908117752007,0.3623030481519658,5
2024-05-01,Email,3501,301,52.19,25,1217.61,0.08597543558983148,22.33033148112665,5
2024-05-01,Organic Search,8604,956,0.0,66,4300.86,0.1111111111111111,inf,5
2024-05-02,Google Ads,14678,941,1030.57,49,5517.95,0.06410955171004223,4.354269967105583,5
2024-05-02,Facebook Ads,7014,419,337.93,19,1346.5,0.05973766752209866,2.9845530139377976,5
2024-05-02,Instagram Ads,7347,264,217.82,10,1186.27,0.03593303389138424,4.446102286291434,5
2024-05-02,TikTok Ads,9614,345,163.86,10,817.83,0.03588516746411483,3.991028927132918,5
2024-05-02,Email,3918,337,35.11,23,1388.02,0.0860132720775906,38.53346624893193,5
2024-05-02,Organic Search,4094,392,0.0,25,1345.17,0.09574987787005373,inf,5
2024-05-03,Google Ads,11604,916,799.03,41,3489.67,0.07893829713891762,3.3673829518290934,5
2024-05-03,Facebook Ads,11926,697,301.09,31,3039.25,0.05844373637430823,9.094157892988807,5
2024-05-03,Instagram Ads,9862,417,293.69,8,477.31,0.04228351247211519,0.625217065613402,5
2024-05-03,TikTok Ads,7027,283,87.22,9,576.71,0.040273231820122386,5.612130245356569,5
2024-05-03,Email,2858,266,40.16,23,1035.65,0.09307207837648705,24.78809760956176,5
2024-05-03,Organic Search,7985,897,0.0,58,4357.5,0.11233562930494677,inf,5
2024-05-04,Google Ads,9925,694,680.28,30,1331.09,0.06992443324937028,0.9566796025166108,5
2024-05-04,Facebook Ads,10904,554,363.2,18,1289.64,0.05080704328686721,2.5507709251101325,5
2024-05-04,Instagram Ads,6317,272,166.34,10,1185.89,0.043058413804020895,6.129313454370567,5
2024-05-04,TikTok Ads,11367,243,149.56,5,302.89,0.021377672209026127,1.0252072746723722,5
2024-05-04,Email,2987,202,36.25,10,732.71,0.06762638098426516,19.212689655172415,5
2024-05-04,Organic Search,4602,545,0.0,34,1376.14,0.11842677096914385,inf,5
2024-05-05,Google Ads,13480,886,716.89,42,4806.42,0.06572700296735905,5.704543235363864,5
2024-05-05,Facebook Ads,6575,255,201.71,8,415.19,0.03878326996197719,1.0583510981111495,5
2024-05-05,Instagram Ads,6042,263,166.01,7,736.08,0.043528632903012246,3.433949762062527,5
2024-05-05,TikTok Ads,8291,298,169.51,5,244.46,0.03594258834881196,0.44215680490826514,5
2024-05-05,Email,4026,475,55.04,39,2710.66,0.11798310978638847,48.24890988372093,5
2024-05-05,Organic Search,8129,682,0.0,45,2070.89,0.08389715832205684,inf,5
2024-05-06,Google Ads,9943,509,325.76,20,2011.25,0.05119179322136176,5.174023821218075,5
2024-05-06,Facebook Ads,6648,303,198.62,11,1075.64,0.04557761732851986,4.415567415164636,5
2024-05-06,Instagram Ads,8118,370,245.63,14,598.49,0.045577728504557775,1.436550909905142,5
2024-05-06,TikTok Ads,10686,450,195.44,14,1308.7,0.04211117349803481,5.696172738436349,5
2024-05-06,Email,4972,552,56.38,50,3469.18,0.11102172164119067,60.532103582830786,5
2024-05-06,Organic Search,8272,969,0.0,45,4443.56,0.117142166344294,inf,5
2024-05-07,Google Ads,11408,612,502.6,36,3801.78,0.05364656381486676,6.564226024671707,5
2024-05-07,Facebook Ads,9304,550,470.71,24,1869.0,0.05911435941530525,2.9705976078689638,5
2024-05-07,Instagram Ads,8141,304,184.4,7,338.18,0.03734184989559022,0.8339479392624729,5
2024-05-07,TikTok Ads,11447,461,239.35,14,886.46,0.04027256049619988,2.7036139544599957,5
2024-05-07,Email,3027,155,15.3,11,532.59,0.05120581433762801,33.80980392156863,5
2024-05-07,Organic Search,5017,355,0.0,14,1668.9,0.07075941797887184,inf,5
2024-05-08,Google Ads,10790,620,460.39,33,2123.38,0.057460611677479144,3.6121331914246624,5
2024-05-08,Facebook Ads,8345,417,255.24,16,815.23,0.049970041941282205,2.1939742986992634,5
2024-05-08,Instagram Ads,9463,244,189.76,4,478.18,0.025784634893796895,1.5199198988195617,5
2024-05-08,TikTok Ads,9977,412,267.24,13,1489.16,0.041294978450436004,4.572369405777578,5
2024-05-08,Email,4405,440,26.6,25,2139.66,0.09988649262202043,79.43834586466164,5
2024-05-08,Organic Search,6400,624,0.0,31,2059.51,0.0975,inf,5
2024-05-09,Google Ads,9495,492,556.75,28,1965.48,0.05181674565560822,2.530273911091154,5
2024-05-09,Facebook Ads,8763,489,341.41,17,1715.25,0.055802807257788425,4.024018042822412,5
2024-05-09,Instagram Ads,7673,268,165.21,9,635.37,0.03492766844780399,2.8458325767205372,5
2024-05-09,TikTok Ads,12211,412,198.27,7,481.82,0.03374007042830235,1.4301205426943056,5
2024-05-09,Email,2595,183,16.42,13,1274.69,0.07052023121387284,76.63032886723506,5
2024-05-09,Organic Search,4037,365,0.0,26,2183.84,0.09041367351994055,inf,5
2024-05-10,Google Ads,8055,518,392.69,27,2449.38,0.06430788330229671,5.237439201405689,5
2024-05-10,Facebook Ads,10397,434,222.63,18,1187.37,0.04174281042608445,4.333378250909581,5
2024-05-10,Instagram Ads,7662,218,132.78,6,473.43,0.028452101279039414,2.5655219159511975,5
2024-05-10,TikTok Ads,9135,305,185.19,5,594.05,0.033388067870826495,2.2077865975484636,5
2024-05-10,Email,2863,148,8.14,10,827.79,0.051694027244149496,100.69410319410318,5
2024-05-10,Organic Search,8950,764,0.0,35,2043.97,0.08536312849162012,inf,5
2024-05-11,Google Ads,12079,947,1071.39,45,2992.24,0.07840052984518586,1.7928578762168768,5
2024-05-11,Facebook Ads,8305,345,277.58,16,1385.17,0.041541240216736906,3.9901649974782054,5
2024-05-11,Instagram Ads,8083,312,230.64,7,774.99,0.03859952987752072,2.3601716961498442,5
2024-05-11,TikTok Ads,7954,297,175.61,5,470.44,0.03733970329394016,1.6788907237628834,5
2024-05-11,Email,2116,183,33.27,17,1508.85,0.08648393194706994,44.351668169522085,5
2024-05-11,Organic Search,5801,384,0.0,17,1744.12,0.06619548353732115,inf,5
2024-05-12,Google Ads,10435,757,565.54,37,3938.16,0.0725443219932918,5.963539272200022,5
2024-05-12,Facebook Ads,6602,382,288.39,11,483.2,0.05786125416540442,0.6755088595304969,5
2024-05-12,Instagram Ads,6829,195,125.0,7,391.57,0.02855469322009079,2.13256,5
2024-05-12,TikTok Ads,11416,271,200.14,6,361.36,0.023738612473721093,0.8055361247127013,5
2024-05-12,Email,3363,234,16.08,13,1325.54,0.0695807314897413,81.43407960199006,5
2024-05-12,Organic Search,7453,822,0.0,37,2487.25,0.11029115792298404,inf,5
2024-05-13,Google Ads,12052,558,505.25,29,2846.48,0.04629936939926983,4.633805047006432,5
2024-05-13,Facebook Ads,11547,387,278.78,11,1063.37,0.03351519875292284,2.8143697539278283,5
2024-05-13,Instagram Ads,8362,383,273.67,12,928.44,0.045802439607749344,2.392553074871195,5
2024-05-13,TikTok Ads,11917,314,197.06,9,1061.23,0.02634891331711001,4.385314117527657,5
2024-05-13,Email,2492,214,39.75,15,1703.85,0.08587479935794542,41.864150943396226,5
2024-05-13,Organic Search,7950,886,0.0,43,3576.24,0.11144654088050314,inf,5
2024-05-14,Google Ads,14605,755,685.93,28,2059.09,0.05169462512838069,2.001895237123322,5
2024-05-14,Facebook Ads,11239,517,386.27,11,775.09,0.04600053385532521,1.0066015999171565,5
2024-05-14,Instagram Ads,6098,298,154.31,11,1121.87,0.04886848146933421,6.270235240749141,5
2024-05-14,TikTok Ads,8822,342,214.86,7,500.78,0.03876671956472455,1.3307269850134968,5
2024-05-14,Email,4412,319,26.39,20,977.18,0.07230281051677244,36.02841985600606,5
2024-05-14,Organic Search,8176,705,0.0,29,1847.12,0.0862279843444227,inf,5
2024-05-15,Google Ads,10063,652,548.63,26,2752.78,0.06479181158700188,4.0175528133714895,5
2024-05-15,Facebook Ads,6495,368,323.31,16,963.95,0.05665896843725943,1.9815038198632895,5
2024-05-15,Instagram Ads,8197,317,293.11,11,1027.31,0.03867268512870562,2.5048616560335706,5
2024-05-15,TikTok Ads,9441,357,231.76,7,551.12,0.037813790911979665,1.3779772178115293,5
2024-05-15,Email,2318,154,15.85,9,415.04,0.06643658326143227,25.185488958990536,5
2024-05-15,Organic Search,5644,392,0.0,29,3416.5,0.06945428773919206,inf,5
2024-05-16,Google Ads,8168,495,514.14,15,1601.07,0.060602350636630754,2.114073987629828,5
2024-05-16,Facebook Ads,11320,553,309.38,23,2175.22,0.048851590106007065,6.0309005106988165,5
2024-05-16,Instagram Ads,7019,251,217.36,7,379.37,0.035760079783444934,0.7453533308796466,5
2024-05-16,TikTok Ads,10622,365,272.04,7,588.19,0.03436264356994916,1.1621452727540067,5
2024-05-16,Email,4769,246,27.06,16,1658.6,0.0515831411197316,60.293422025129345,5
2024-05-16,Organic Search,8351,722,0.0,49,5206.87,0.08645671177104539,inf,5
2024-05-17,Google Ads,10838,765,710.78,37,3467.74,0.07058497877837239,3.878781057429866,5
2024-05-17,Facebook Ads,6546,248,220.01,7,816.26,0.037885731744576844,2.710104086177901,5
2024-05-17,Instagram Ads,7706,295,195.38,9,604.03,0.03828185829223981,2.0915651550824035,5
2024-05-17,TikTok Ads,12616,466,363.48,12,1216.9,0.03693722257450856,2.3479146032794103,5
2024-05-17,Email,2300,124,8.07,11,474.91,0.05391304347826087,57.84882280049567,5
2024-05-17,Organic Search,7683,562,0.0,28,2238.39,0.07314850969673305,inf,5
2024-05-18,Google Ads,9077,529,320.43,16,1266.68,0.05827916712570232,2.953063071497675,5
2024-05-18,Facebook Ads,6827,249,173.98,7,280.7,0.03647282847517211,0.6134038395217841,5
2024-05-18,Instagram Ads,5335,169,160.58,3,139.07,0.0316776007497657,-0.13395192427450503,5
2024-05-18,TikTok Ads,7049,187,127.07,3,270.78,0.026528585614980848,1.1309514440859367,5
2024-05-18,Email,4410,277,34.97,15,756.39,0.06281179138321996,20.62968258507292,5
2024-05-18,Organic Search,7523,636,0.0,27,1796.64,0.08454074172537551,inf,5
2024-05-19,Google Ads,13027,791,812.81,41,3864.43,0.060720042987641054,3.7544075491197204,5
2024-05-19,Facebook Ads,7925,440,305.85,10,1006.03,0.0555205047318612,2.2892921366683012,5
2024-05-19,Instagram Ads,7090,182,150.72,5,224.17,0.025669957686882933,0.4873274946921443,5
2024-05-19,TikTok Ads,12867,286,169.32,4,342.38,0.022227403435144167,1.0220883534136547,5
2024-05-19,Email,3393,298,22.14,16,1053.85,0.0878278809313292,46.59936766034326,5
2024-05-19,Organic Search,5730,366,0.0,25,1354.12,0.06387434554973823,inf,5
2024-05-20,Google Ads,12628,981,1175.85,42,3977.35,0.07768451061133988,2.38253178551686,5
2024-05-20,Facebook Ads,10780,359,242.42,11,756.59,0.03330241187384045,2.120988367296428,5
2024-05-20,Instagram Ads,7395,335,303.36,8,948.34,0.045300878972278566,2.126120780590717,5
2024-05-20,TikTok Ads,9472,335,254.0,11,443.45,0.03536739864864865,0.7458661417322834,5
2024-05-20,Email,4345,283,24.42,23,2209.24,0.06513233601841197,89.46846846846844,5
2024-05-20,Organic Search,4067,265,0.0,14,1549.26,0.06515859355790508,inf,5
2024-05-21,Google Ads,8567,541,594.26,32,1925.73,0.0631492938017976,2.2405512738531956,5
2024-05-21,Facebook Ads,10650,353,250.28,16,1799.86,0.033145539906103284,6.1913856480741565,5
2024-05-21,Instagram Ads,5431,255,252.74,7,826.61,0.04695267906462898,2.2705942866186595,5
2024-05-21,TikTok Ads,10308,283,141.89,5,467.84,0.02745440434613892,2.2972020579322012,5
2024-05-21,Email,2582,203,30.55,15,1193.14,0.07862122385747483,38.05531914893617,5
2024-05-21,Organic Search,7321,687,0.0,48,2451.48,0.09383963939352548,inf,5
2024-05-22,Google Ads,11138,621,711.21,28,1654.3,0.0557550727240079,1.3260359106311777,5
2024-05-22,Facebook Ads,7223,412,193.86,8,478.52,0.057040011075730306,1.4683792427525015,5
2024-05-22,Instagram Ads,6944,173,142.91,4,431.94,0.024913594470046083,2.022461689175005,5
2024-05-22,TikTok Ads,12811,281,104.38,4,233.62,0.02193427523222231,1.238168231461966,5
2024-05-22,Email,3741,220,21.82,11,730.69,0.05880780539962577,32.487167736021995,5
2024-05-22,Organic Search,5924,618,0.0,40,3216.67,0.10432140445644834,inf,5
2024-05-23,Google Ads,12167,686,588.25,38,3451.87,0.056382016931042986,4.86803229919252,5
2024-05-23,Facebook Ads,9173,294,215.8,9,666.56,0.032050583233402374,2.088785912882298,5
2024-05-23,Instagram Ads,5803,197,113.55,6,382.22,0.03394795795278304,2.3660942316160285,5
2024-05-23,TikTok Ads,10825,289,88.21,7,671.43,0.02669745958429561,6.6117220269810675,5
2024-05-23,Email,3851,365,19.43,34,2601.12,0.09478057647364321,132.8713329902213,5
2024-05-23,Organic Search,7532,903,0.0,60,7101.0,0.11988847583643122,inf,5
2024-05-24,Google Ads,9054,634,580.69,32,3577.57,0.07002429865252927,5.160894797568409,5
2024-05-24,Facebook Ads,10113,393,228.29,13,1230.76,0.038860872144764164,4.391212930921197,5
2024-05-24,Instagram Ads,7909,318,215.77,8,905.64,0.04020735870527247,3.1972470686379015,5
2024-05-24,TikTok Ads,10417,268,124.16,7,731.67,0.02572717673034463,4.892960695876289,5
2024-05-24,Email,3967,336,67.06,19,1665.09,0.08469876480967986,23.829853862212943,5
2024-05-24,Organic Search,4407,414,0.0,27,2670.33,0.09394145677331518,inf,5
2024-05-25,Google Ads,12797,759,751.48,23,2276.04,0.059310775963116354,2.0287432799276095,5
2024-05-25,Facebook Ads,11412,592,465.82,24,1510.34,0.05187521906764809,2.242325361727706,5
2024-05-25,Instagram Ads,5718,278,262.93,6,350.92,0.04861839804127317,0.3346518084661317,5
2024-05-25,TikTok Ads,7802,207,154.93,5,509.1,0.026531658549089978,2.286000129090557,5
2024-05-25,Email,2053,149,23.32,9,670.13,0.0725767169995129,27.736277873070325,5
2024-05-25,Organic Search,7848,741,0.0,56,3501.58,0.09441896024464831,inf,5
2024-05-26,Google Ads,8684,502,391.15,17,1268.6,0.05780746199907877,2.2432570625079893,5
2024-05-26,Facebook Ads,8479,480,343.56,22,2638.77,0.05661044934544168,6.680667132378624,5
2024-05-26,Instagram Ads,7959,280,226.48,5,486.15,0.03518029903254178,1.1465471564818084,5
2024-05-26,TikTok Ads,11274,225,115.83,6,556.83,0.019957424161788185,3.807303807303808,5
2024-05-26,Email,4574,514,101.1,40,2713.88,0.11237428946217752,25.8435212660732,5
2024-05-26,Organic Search,6093,574,0.0,38,2141.63,0.0942064664368948,inf,5
2024-05-27,Google Ads,12894,862,811.72,49,3102.1,0.06685279975182255,2.821638003252353,5
2024-05-27,Facebook Ads,8398,484,296.44,22,1534.31,0.057632769707073116,4.17578599379301,5
2024-05-27,Instagram Ads,6962,296,186.16,8,886.33,0.042516518241884516,3.761119467125054,5
2024-05-27,TikTok Ads,7253,197,70.62,6,635.22,0.02716117468633669,7.994902293967714,5
2024-05-27,Email,2280,154,30.29,11,546.85,0.06754385964912281,17.053813139650053,5
2024-05-27,Organic Search,5315,407,0.0,24,1799.09,0.07657572906867356,inf,5
2024-05-28,Google Ads,13868,949,1075.94,46,3376.79,0.06843092010383617,2.138455675967061,5
2024-05-28,Facebook Ads,7075,284,183.48,9,784.11,0.040141342756183744,3.273544800523218,5
2024-05-28,Instagram Ads,8632,340,256.86,11,1272.93,0.03938832252085264,3.9557346414389163,5
2024-05-28,TikTok Ads,9704,201,128.28,5,557.7,0.020713107996702392,3.347521047708139,5
2024-05-28,Email,2845,196,21.2,17,1633.34,0.06889279437609842,76.0443396226415,5
2024-05-28,Organic Search,8345,504,0.0,31,2861.72,0.06039544637507489,inf,5
2024-05-29,Google Ads,10607,426,296.89,16,1664.98,0.04016215706608843,4.60807032907811,5
2024-05-29,Facebook Ads,9864,444,356.04,11,515.66,0.045012165450121655,0.4483204134366923,5
2024-05-29,Instagram Ads,6955,235,148.3,5,486.35,0.03378864126527678,2.27950101146325,5
2024-05-29,TikTok Ads,11521,384,298.14,11,881.87,0.0333304400659665,1.9579056818944123,5
2024-05-29,Email,4949,463,76.16,33,2554.31,0.09355425338452213,32.53873424369748,5
2024-05-29,Organic Search,6184,670,0.0,49,2794.73,0.10834411384217335,inf,5
2024-05-30,Google Ads,13397,757,791.13,29,1211.36,0.05650518772859595,0.5311769241464739,5
2024-05-30,Facebook Ads,10263,346,148.92,15,1381.79,0.03371333917957712,8.27874026322858,5
2024-05-30,Instagram Ads,8667,384,374.39,11,700.16,0.04430598823122188,0.8701354202836614,5
2024-05-30,TikTok Ads,12213,399,133.08,11,947.71,0.032670105625153524,6.121355575593627,5
2024-05-30,Email,3592,252,29.93,19,1263.08,0.07015590200445435,41.20113598396257,5
2024-05-30,Organic Search,8435,789,0.0,62,7359.85,0.09353882631890931,inf,5
2024-05-31,Google Ads,12454,840,949.53,31,2761.63,0.06744820941063112,1.9084178488304742,5
2024-05-31,Facebook Ads,9646,420,177.54,8,903.7,0.04354136429608128,4.090120536217191,5
2024-05-31,Instagram Ads,6321,263,256.83,9,790.59,0.04160734061066287,2.078261885293774,5
2024-05-31,TikTok Ads,11052,429,262.08,7,693.3,0.03881650380021716,1.6453754578754578,5
2024-05-31,Email,2702,293,41.27,20,1410.57,0.10843819393042191,33.17906469590501,5
2024-05-31,Organic Search,5576,568,0.0,37,1972.9,0.10186513629842181,inf,5
2024-06-01,Google Ads,8829,520,545.94,26,1948.95,0.05889681730660324,2.56989779096604,6
2024-06-01,Facebook Ads,6523,317,179.26,14,1026.08,0.04859727119423578,4.723976347205177,6
2024-06-01,Instagram Ads,5107,164,120.64,5,258.43,0.03211278637164676,1.1421584880636606,6
2024-06-01,TikTok Ads,9737,396,141.44,13,1403.41,0.04066961076306871,8.922299208144796,6
2024-06-01,Email,4277,349,67.08,20,2155.15,0.08159925181201777,31.128056052474662,6
2024-06-01,Organic Search,6563,557,0.0,38,2787.79,0.08486972421148865,inf,6
2024-06-02,Google Ads,11541,627,539.13,29,1377.61,0.05432804782947751,1.5552464155213026,6
2024-06-02,Facebook Ads,6889,305,153.26,8,343.59,0.04427347946000871,1.2418765496541824,6
2024-06-02,Instagram Ads,6266,206,196.06,6,354.21,0.03287583785509097,0.8066408242374782,6
2024-06-02,TikTok Ads,12229,340,119.09,10,1032.1,0.02780276392182517,7.666554706524476,6
2024-06-02,Email,3360,177,15.61,16,1738.39,0.05267857142857143,110.36386931454197,6
2024-06-02,Organic Search,4914,331,0.0,14,933.43,0.06735856735856736,inf,6
2024-06-03,Google Ads,13297,813,489.5,47,5597.49,0.06114161088967436,10.43511746680286,6
2024-06-03,Facebook Ads,9101,439,331.91,16,1694.85,0.04823645753213932,4.106354132144255,6
2024-06-03,Instagram Ads,6457,300,162.85,11,1046.62,0.04646120489391358,5.426895916487565,6
2024-06-03,TikTok Ads,9175,376,226.93,11,773.71,0.04098092643051771,2.4094654739346932,6
2024-06-03,Email,2402,171,10.99,11,899.15,0.07119067443796837,80.81528662420382,6
2024-06-03,Organic Search,4161,291,0.0,12,865.03,0.06993511175198269,inf,6
2024-06-04,Google Ads,14083,599,528.63,33,3925.7,0.04253355108996663,6.426177099294402,6
2024-06-04,Facebook Ads,11992,415,256.37,15,971.31,0.03460640426951301,2.78870382650076,6
2024-06-04,Instagram Ads,6382,192,144.22,5,304.17,0.030084612973989344,1.1090694771876302,6
2024-06-04,TikTok Ads,7164,319,185.01,8,695.56,0.044528196538246786,2.759580563212799,6
2024-06-04,Email,3847,364,64.21,35,1561.26,0.09461918377956849,23.3149042205264,6
2024-06-04,Organic Search,8216,878,0.0,35,2189.91,0.10686465433300876,inf,6
2024-06-05,Google Ads,10444,563,436.16,28,2162.3,0.053906549214860204,3.9575843727072635,6
2024-06-05,Facebook Ads,6559,370,209.88,17,1783.13,0.056411038268028665,7.495950066704784,6
2024-06-05,Instagram Ads,6408,315,265.95,7,768.17,0.04915730337078652,1.8884000752021057,6
2024-06-05,TikTok Ads,10995,476,324.07,9,959.59,0.043292405638926786,1.9610577961551516,6
2024-06-05,Email,4659,397,75.56,33,3265.05,0.08521141875939042,42.211355214399155,6
2024-06-05,Organic Search,5055,514,0.0,33,3213.63,0.1016815034619189,inf,6
2024-06-06,Google Ads,11125,807,965.01,48,5547.76,0.07253932584269662,4.748914519020528,6
2024-06-06,Facebook Ads,6971,402,355.19,12,1363.45,0.05766747955816956,2.838649736760607,6
2024-06-06,Instagram Ads,9904,383,197.89,11,1134.28,0.03867124394184168,4.731871241598868,6
2024-06-06,TikTok Ads,10562,450,243.34,15,1672.63,0.04260556712743799,5.873633599079478,6
2024-06-06,Email,4692,347,62.95,19,2083.68,0.07395566922421143,32.10055599682287,6
2024-06-06,Organic Search,6422,508,0.0,23,1385.58,0.07910308315166614,inf,6
2024-06-07,Google Ads,8551,663,759.06,20,1982.35,0.0775347912524851,1.611585381919743,6
2024-06-07,Facebook Ads,11267,527,214.31,20,1295.36,0.04677376408981983,5.044328309458261,6
2024-06-07,Instagram Ads,5265,182,167.76,4,322.72,0.0345679012345679,0.923700524558894,6
2024-06-07,TikTok Ads,7350,273,217.97,4,306.34,0.037142857142857144,0.40542276460063303,6
2024-06-07,Email,2657,306,47.82,25,2964.38,0.11516748212269477,60.99038059389377,6
2024-06-07,Organic Search,7530,778,0.0,31,2252.54,0.10332005312084994,inf,6
2024-06-08,Google Ads,11469,620,540.58,29,1297.24,0.05405876711134362,1.3997188205261015,6
2024-06-08,Facebook Ads,8475,355,310.45,15,710.83,0.04188790560471976,1.2896762763730072,6
2024-06-08,Instagram Ads,5453,222,124.17,6,241.08,0.04071153493489822,0.941531770959169,6
2024-06-08,TikTok Ads,7751,306,117.13,9,592.72,0.039478776932008776,4.060360283445744,6
2024-06-08,Email,3823,369,57.55,36,4235.0,0.09652105676170547,72.5881841876629,6
2024-06-08,Organic Search,8590,612,0.0,32,2439.7,0.07124563445867288,inf,6
2024-06-09,Google Ads,12832,943,710.64,53,3549.06,0.07348815461346633,3.9941742654508614,6
2024-06-09,Facebook Ads,7683,424,327.59,9,363.15,0.05518677599895874,0.10855032204890261,6
2024-06-09,Instagram Ads,5021,230,176.08,9,609.73,0.045807608046205935,2.4628009995456606,6
2024-06-09,TikTok Ads,11288,265,89.05,8,703.64,0.023476257973068744,6.901628298708591,6
2024-06-09,Email,2286,246,20.84,18,1089.63,0.10761154855643044,51.28550863723609,6
2024-06-09,Organic Search,5328,478,0.0,25,1735.05,0.08971471471471472,inf,6
2024-06-10,Google Ads,14660,914,1071.34,47,2883.25,0.06234652114597544,1.6912558104803332,6
2024-06-10,Facebook Ads,7719,391,229.18,9,439.43,0.05065422982251587,0.9174011693865084,6
2024-06-10,Instagram Ads,7298,342,257.29,10,1110.57,0.046862154014798575,3.3164133856737528,6
2024-06-10,TikTok Ads,11600,325,116.16,7,290.76,0.028017241379310345,1.503099173553719,6
2024-06-10,Email,2806,322,46.55,17,1433.46,0.11475409836065574,29.793984962406018,6
2024-06-10,Organic Search,5855,476,0.0,24,1360.12,0.08129803586678053,inf,6
2024-06-11,Google Ads,14594,639,701.11,33,1737.94,0.04378511717144032,1.478840695468614,6
2024-06-11,Facebook Ads,6767,402,295.6,13,875.34,0.0594059405940594,1.961231393775372,6
2024-06-11,Instagram Ads,7801,359,227.51,13,820.12,0.04601974105883861,2.6047646257307373,6
2024-06-11,TikTok Ads,9620,294,108.14,9,708.33,0.030561330561330563,5.550120214536713,6
2024-06-11,Email,2636,192,35.8,14,1173.01,0.07283763277693475,31.76564245810056,6
2024-06-11,Organic Search,4727,526,0.0,24,1342.56,0.11127565051829913,inf,6
2024-06-12,Google Ads,12238,929,942.87,44,4604.08,0.07591109658440921,3.8830485644892723,6
2024-06-12,Facebook Ads,9973,374,170.86,7,414.0,0.03750125338413717,1.4230364040735102,6
2024-06-12,Instagram Ads,5128,129,70.76,4,262.96,0.02515600624024961,2.7162238552854716,6
2024-06-12,TikTok Ads,10323,353,145.12,10,608.07,0.034195485808389034,3.190118522601985,6
2024-06-12,Email,3155,317,59.9,23,2018.73,0.10047543581616482,32.701669449081805,6
2024-06-12,Organic Search,7821,833,0.0,50,4377.07,0.10650811916634702,inf,6
2024-06-13,Google Ads,8787,366,317.49,14,1343.09,0.041652441106179584,3.2303379634004217,6
2024-06-13,Facebook Ads,9200,498,423.99,9,424.29,0.0541304347826087,0.0007075638576381786,6
2024-06-13,Instagram Ads,5187,216,148.94,5,264.86,0.04164256795835743,0.778299986571774,6
2024-06-13,TikTok Ads,8345,330,261.95,11,810.08,0.039544637507489516,2.09249856842909,6
2024-06-13,Email,4619,445,68.07,22,2277.27,0.09634119939380818,32.45482591449978,6
2024-06-13,Organic Search,5491,545,0.0,30,1870.1,0.09925332362046986,inf,6
2024-06-14,Google Ads,10306,758,887.54,35,2432.49,0.07354938870560838,1.7407102778466321,6
2024-06-14,Facebook Ads,7280,259,219.91,12,1364.66,0.035576923076923075,5.2055386294393164,6
2024-06-14,Instagram Ads,6990,189,104.36,4,240.21,0.02703862660944206,1.301743963204293,6
2024-06-14,TikTok Ads,12816,516,289.53,12,1415.37,0.040262172284644196,3.888508962801782,6
2024-06-14,Email,2613,271,47.69,17,915.16,0.10371220818982013,18.189767246802266,6
2024-06-14,Organic Search,5674,434,0.0,34,3058.0,0.07648924920690871,inf,6
2024-06-15,Google Ads,13832,779,492.53,43,4736.33,0.05631868131868132,8.616327939414859,6
2024-06-15,Facebook Ads,7510,381,277.85,8,361.29,0.0507323568575233,0.30030592046068016,6
2024-06-15,Instagram Ads,8884,293,249.89,8,584.34,0.0329806393516434,1.3383888911120896,6
2024-06-15,TikTok Ads,7711,276,120.97,7,296.03,0.035793022954221244,1.4471356534678017,6
2024-06-15,Email,2356,278,45.2,26,1796.43,0.11799660441426146,38.744026548672565,6
2024-06-15,Organic Search,6755,600,0.0,26,1371.22,0.08882309400444116,inf,6
2024-06-16,Google Ads,10187,606,718.01,27,1522.56,0.05948758221262393,1.12052756925391,6
2024-06-16,Facebook Ads,7693,423,226.24,13,1309.07,0.05498505134537891,4.7862004950495045,6
2024-06-16,Instagram Ads,9025,432,244.38,16,1414.91,0.04786703601108033,4.789794582208038,6
2024-06-16,TikTok Ads,9664,357,109.66,6,302.81,0.03694122516556291,1.7613532737552435,6
2024-06-16,Email,3421,320,27.77,28,3113.02,0.0935399006138556,111.10010803024848,6
2024-06-16,Organic Search,7966,927,0.0,37,2316.11,0.11636957067537032,inf,6
2024-06-17,Google Ads,11575,602,687.78,31,2700.66,0.05200863930885529,2.926633516531449,6
2024-06-17,Facebook Ads,7063,243,177.82,11,1029.22,0.034404643919014585,4.787987852884941,6
2024-06-17,Instagram Ads,5350,229,153.43,7,500.47,0.04280373831775701,2.261878381020661,6
2024-06-17,TikTok Ads,12974,513,368.06,9,437.4,0.03954061970094034,0.18839319676139754,6
2024-06-17,Email,4188,456,90.92,39,2526.14,0.10888252148997135,26.784205895292562,6
2024-06-17,Organic Search,5343,628,0.0,46,3629.09,0.11753696425229272,inf,6
2024-06-18,Google Ads,10557,837,853.11,27,1579.32,0.0792838874680307,0.8512501318704504,6
2024-06-18,Facebook Ads,9380,424,292.52,20,1605.9,0.045202558635394456,4.489881033775469,6
2024-06-18,Instagram Ads,7269,209,114.43,7,831.88,0.028752235520704363,6.269771912959889,6
2024-06-18,TikTok Ads,9374,242,159.42,8,543.98,0.025816087049285258,2.412244385898884,6
2024-06-18,Email,3268,319,32.54,22,1505.09,0.09761321909424725,45.25353411186232,6
2024-06-18,Organic Search,5720,499,0.0,38,2725.07,0.08723776223776224,inf,6
2024-06-19,Google Ads,10280,821,615.01,25,2175.45,0.07986381322957198,2.5372595567551746,6
2024-06-19,Facebook Ads,11411,611,465.88,21,2146.25,0.05354482516869687,3.606873014510174,6
2024-06-19,Instagram Ads,6910,336,245.69,12,1129.21,0.04862518089725036,3.596076356384061,6
2024-06-19,TikTok Ads,7084,230,97.08,5,329.69,0.032467532467532464,2.396065100947672,6
2024-06-19,Email,2016,114,16.28,7,385.19,0.05654761904761905,22.660319410319406,6
2024-06-19,Organic Search,6724,410,0.0,21,1014.33,0.06097560975609756,inf,6
2024-06-20,Google Ads,14733,701,765.1,29,1989.1,0.04758026199687776,1.5997908770095413,6
2024-06-20,Facebook Ads,11193,487,380.75,18,855.69,0.04350933619226302,1.2473801707156928,6
2024-06-20,Instagram Ads,9406,439,375.03,15,610.79,0.04667233680629385,0.6286430418899821,6
2024-06-20,TikTok Ads,8393,283,179.73,5,312.33,0.033718575002978673,0.7377733266566516,6
2024-06-20,Email,4356,345,59.85,24,1394.23,0.07920110192837465,22.295405179615706,6
2024-06-20,Organic Search,8945,1020,0.0,80,4857.61,0.11403018446059252,inf,6
2024-06-21,Google Ads,10228,443,489.25,19,1745.0,0.0433124755572937,2.5666836995401123,6
2024-06-21,Facebook Ads,9960,403,266.63,9,1073.81,0.040461847389558235,3.0273412594231703,6
2024-06-21,Instagram Ads,5136,229,146.21,7,432.3,0.044587227414330216,1.9567061076533754,6
2024-06-21,TikTok Ads,9216,204,116.26,6,521.07,0.022135416666666668,3.4819370376741787,6
2024-06-21,Email,2783,245,14.52,17,1359.27,0.08803449514911965,92.61363636363636,6
2024-06-21,Organic Search,8523,655,0.0,33,1566.88,0.07685087410536195,inf,6
2024-06-22,Google Ads,9233,425,346.57,24,2438.42,0.046030542618867104,6.035865770262862,6
2024-06-22,Facebook Ads,8545,446,324.05,18,816.29,0.05219426565242832,1.519024841845394,6
2024-06-22,Instagram Ads,6235,205,139.41,6,273.57,0.03287890938251804,0.9623412954594361,6
2024-06-22,TikTok Ads,9387,368,235.82,8,369.64,0.039203153297113026,0.567466711898906,6
2024-06-22,Email,3578,233,13.5,11,948.01,0.06512017887087758,69.22296296296297,6
2024-06-22,Organic Search,6609,444,0.0,31,2330.25,0.06718111665910123,inf,6
2024-06-23,Google Ads,10648,583,627.27,29,3404.98,0.05475206611570248,4.428252586605449,6
2024-06-23,Facebook Ads,9448,289,141.7,10,1038.02,0.03058848433530906,6.325476358503882,6
2024-06-23,Instagram Ads,8006,250,140.41,6,473.2,0.031226580064951288,2.3701303325973933,6
2024-06-23,TikTok Ads,12431,456,149.47,15,1266.59,0.03668248733006194,7.473874356058071,6
2024-06-23,Email,2614,280,45.08,25,2023.51,0.10711553175210406,43.88708961845608,6
2024-06-23,Organic Search,8762,717,0.0,29,1685.92,0.08183063227573613,inf,6
2024-06-24,Google Ads,12916,718,595.78,30,1466.86,0.05558996593372561,1.4620833193460674,6
2024-06-24,Facebook Ads,11728,622,373.7,21,1954.06,0.05303547066848568,4.228953706181429,6
2024-06-24,Instagram Ads,7316,349,272.49,12,583.13,0.047703663203936576,1.140005137803222,6
2024-06-24,TikTok Ads,12693,296,233.04,6,266.99,0.023319940124478057,0.14568314452454523,6
2024-06-24,Email,2321,246,39.09,20,1639.39,0.1059887979319259,40.93885904323356,6
2024-06-24,Organic Search,8242,636,0.0,30,2914.48,0.07716573647173017,inf,6
2024-06-25,Google Ads,13552,967,1145.49,39,2308.54,0.07135478158205431,1.0153296842399322,6
2024-06-25,Facebook Ads,9600,473,408.63,14,778.07,0.04927083333333333,0.904094168318528,6
2024-06-25,Instagram Ads,5821,228,156.39,5,541.43,0.03916852774437382,2.4620500031971355,6
2024-06-25,TikTok Ads,12098,331,250.63,5,375.08,0.027359894197387997,0.4965486972828472,6
2024-06-25,Email,4118,293,24.27,25,1777.94,0.07115104419621175,72.25669550885868,6
2024-06-25,Organic Search,5622,447,0.0,28,2543.5,0.07950907150480256,inf,6
2024-06-26,Google Ads,14466,1118,1227.39,53,5274.74,0.07728466749619799,3.2975256438458835,6
2024-06-26,Facebook Ads,10940,462,390.61,17,1045.26,0.042230347349177334,1.6759683571849158,6
2024-06-26,Instagram Ads,6166,288,176.12,9,1061.11,0.04670775218942588,5.024926186690892,6
2024-06-26,TikTok Ads,8256,359,123.09,9,924.01,0.04348352713178295,6.506783654236737,6
2024-06-26,Email,4564,409,40.36,39,2831.74,0.08961437335670465,69.16204162537164,6
2024-06-26,Organic Search,5890,682,0.0,28,1648.7,0.11578947368421053,inf,6
2024-06-27,Google Ads,11817,921,586.78,43,4344.78,0.07793856308707794,6.4044445959303316,6
2024-06-27,Facebook Ads,11971,642,372.82,31,2564.62,0.05362960487845627,5.878976449761279,6
2024-06-27,Instagram Ads,7745,309,201.1,7,560.79,0.03989670755326017,1.7886126305320733,6
2024-06-27,TikTok Ads,7110,194,145.51,4,426.13,0.02728551336146273,1.928527248986324,6
2024-06-27,Email,2216,238,34.89,16,976.95,0.10740072202166065,27.00085984522786,6
2024-06-27,Organic Search,8963,870,0.0,63,4691.16,0.09706571460448511,inf,6
2024-06-28,Google Ads,10530,541,325.72,17,1993.03,0.05137701804368471,5.118844406238487,6
2024-06-28,Facebook Ads,7800,405,213.37,11,944.5,0.051923076923076926,3.426582931058724,6
2024-06-28,Instagram Ads,7725,260,220.67,6,329.33,0.03365695792880259,0.49240948021933206,6
2024-06-28,TikTok Ads,7053,180,80.01,6,274.95,0.02552105487026797,2.43644544431946,6
2024-06-28,Email,4765,341,63.77,28,1244.78,0.07156348373557188,18.519836913909362,6
2024-06-28,Organic Search,5351,324,0.0,22,1452.83,0.06054943001308167,inf,6
2024-06-29,Google Ads,14367,651,454.07,36,3195.77,0.045312173731467946,6.038055806373467,6
2024-06-29,Facebook Ads,9469,361,289.86,10,462.66,0.03812440595627838,0.5961498654522873,6
2024-06-29,Instagram Ads,6587,190,151.14,5,461.14,0.02884469409442842,2.051078470292444,6
2024-06-29,TikTok Ads,12440,422,244.57,13,793.98,0.033922829581993566,2.2464325142086112,6
2024-06-29,Email,2373,248,44.66,13,650.93,0.10450906026127266,13.57523510971787,6
2024-06-29,Organic Search,4540,543,0.0,32,3330.47,0.11960352422907489,inf,6
2024-06-30,Google Ads,13952,569,549.1,27,1830.53,0.04078268348623853,2.3336914951739205,6
2024-06-30,Facebook Ads,9223,290,178.25,10,1185.32,0.031443131302179336,5.649761570827489,6
2024-06-30,Instagram Ads,9675,411,219.59,9,986.36,0.042480620155038756,3.491825675121818,6
2024-06-30,TikTok Ads,8981,217,168.35,4,328.97,0.024162120031176928,0.9540837540837543,6
2024-06-30,Email,2951,251,47.02,22,1589.06,0.08505591324974585,32.795406210123346,6
2024-06-30,Organic Search,8117,893,0.0,50,4256.45,0.11001601576937292,inf,6
